nyc,bj,la,london,moscow,vancouver,mexico,sao_paolo,athens,baghdad,bangkok,syndey
11:50,00:50,08:50,16:50,19:50,08:50,10:50,13:50,18:50,19:50,23:50,03:50
20:00,09:00,17:00,01:00,04:00,17:00,19:00,22:00,03:00,04:00,08:00,12:00
12:55,01:55,09:55,17:55,20:55,09:55,11:55,14:55,19:55,20:55,00:55,04:55
11:25,00:25,08:25,16:25,19:25,08:25,10:25,13:25,18:25,19:25,23:25,03:25
15:55,04:55,12:55,20:55,23:55,12:55,14:55,17:55,22:55,23:55,03:55,07:55
10:15,23:15,07:15,15:15,18:15,07:15,09:15,12:15,17:15,18:15,22:15,02:15
17:25,06:25,14:25,22:25,01:25,14:25,16:25,19:25,00:25,01:25,05:25,09:25
14:25,03:25,11:25,19:25,22:25,11:25,13:25,16:25,21:25,22:25,02:25,06:25
14:25,03:25,11:25,19:25,22:25,11:25,13:25,16:25,21:25,22:25,02:25,06:25
20:00,09:00,17:00,01:00,04:00,17:00,19:00,22:00,03:00,04:00,08:00,12:00
17:00,06:00,14:00,22:00,01:00,14:00,16:00,19:00,00:00,01:00,05:00,09:00
12:00,01:00,09:00,17:00,20:00,09:00,11:00,14:00,19:00,20:00,00:00,04:00
18:00,07:00,15:00,23:00,02:00,15:00,17:00,20:00,01:00,02:00,06:00,10:00
14:30,03:30,11:30,19:30,22:30,11:30,13:30,16:30,21:30,22:30,02:30,06:30
17:25,06:25,14:25,22:25,01:25,14:25,16:25,19:25,00:25,01:25,05:25,09:25
14:00,03:00,11:00,19:00,22:00,11:00,13:00,16:00,21:00,22:00,02:00,06:00
15:55,04:55,12:55,20:55,23:55,12:55,14:55,17:55,22:55,23:55,03:55,07:55
15:30,04:30,12:30,20:30,23:30,12:30,14:30,17:30,22:30,23:30,03:30,07:30
14:25,03:25,11:25,19:25,22:25,11:25,13:25,16:25,21:25,22:25,02:25,06:25
09:55,22:55,06:55,14:55,17:55,06:55,08:55,11:55,16:55,17:55,21:55,01:55
12:00,01:00,09:00,17:00,20:00,09:00,11:00,14:00,19:00,20:00,00:00,04:00
12:00,01:00,09:00,17:00,20:00,09:00,11:00,14:00,19:00,20:00,00:00,04:00
20:30,09:30,17:30,01:30,04:30,17:30,19:30,22:30,03:30,04:30,08:30,12:30
14:00,03:00,11:00,19:00,22:00,11:00,13:00,16:00,21:00,22:00,02:00,06:00
18:00,07:00,15:00,23:00,02:00,15:00,17:00,20:00,01:00,02:00,06:00,10:00
16:00,05:00,13:00,21:00,00:00,13:00,15:00,18:00,23:00,00:00,04:00,08:00
16:00,05:00,13:00,21:00,00:00,13:00,15:00,18:00,23:00,00:00,04:00,08:00
12:00,01:00,09:00,17:00,20:00,09:00,11:00,14:00,19:00,20:00,00:00,04:00
11:00,00:00,08:00,16:00,19:00,08:00,10:00,13:00,18:00,19:00,23:00,03:00
16:00,05:00,13:00,21:00,00:00,13:00,15:00,18:00,23:00,00:00,04:00,08:00
18:00,07:00,15:00,23:00,02:00,15:00,17:00,20:00,01:00,02:00,06:00,10:00
12:00,01:00,09:00,17:00,20:00,09:00,11:00,14:00,19:00,20:00,00:00,04:00
20:00,09:00,17:00,01:00,04:00,17:00,19:00,22:00,03:00,04:00,08:00,12:00
13:00,02:00,10:00,18:00,21:00,10:00,12:00,15:00,20:00,21:00,01:00,05:00
09:50,22:50,06:50,14:50,17:50,06:50,08:50,11:50,16:50,17:50,21:50,01:50
20:00,09:00,17:00,01:00,04:00,17:00,19:00,22:00,03:00,04:00,08:00,12:00
10:00,23:00,07:00,15:00,18:00,07:00,09:00,12:00,17:00,18:00,22:00,02:00
11:00,00:00,08:00,16:00,19:00,08:00,10:00,13:00,18:00,19:00,23:00,03:00
21:00,10:00,18:00,02:00,05:00,18:00,20:00,23:00,04:00,05:00,09:00,13:00
16:00,05:00,13:00,21:00,00:00,13:00,15:00,18:00,23:00,00:00,04:00,08:00
12:00,01:00,09:00,17:00,20:00,09:00,11:00,14:00,19:00,20:00,00:00,04:00
14:00,03:00,11:00,19:00,22:00,11:00,13:00,16:00,21:00,22:00,02:00,06:00
12:00,01:00,09:00,17:00,20:00,09:00,11:00,14:00,19:00,20:00,00:00,04:00
09:00,22:00,06:00,14:00,17:00,06:00,08:00,11:00,16:00,17:00,21:00,01:00
12:00,01:00,09:00,17:00,20:00,09:00,11:00,14:00,19:00,20:00,00:00,04:00
16:00,05:00,13:00,21:00,00:00,13:00,15:00,18:00,23:00,00:00,04:00,08:00
14:00,03:00,11:00,19:00,22:00,11:00,13:00,16:00,21:00,22:00,02:00,06:00
18:00,07:00,15:00,23:00,02:00,15:00,17:00,20:00,01:00,02:00,06:00,10:00
14:00,03:00,11:00,19:00,22:00,11:00,13:00,16:00,21:00,22:00,02:00,06:00
14:00,03:00,11:00,19:00,22:00,11:00,13:00,16:00,21:00,22:00,02:00,06:00
10:00,23:00,07:00,15:00,18:00,07:00,09:00,12:00,17:00,18:00,22:00,02:00
12:00,01:00,09:00,17:00,20:00,09:00,11:00,14:00,19:00,20:00,00:00,04:00
18:00,07:00,15:00,23:00,02:00,15:00,17:00,20:00,01:00,02:00,06:00,10:00
20:00,09:00,17:00,01:00,04:00,17:00,19:00,22:00,03:00,04:00,08:00,12:00
10:00,23:00,07:00,15:00,18:00,07:00,09:00,12:00,17:00,18:00,22:00,02:00
12:00,01:00,09:00,17:00,20:00,09:00,11:00,14:00,19:00,20:00,00:00,04:00
12:00,01:00,09:00,17:00,20:00,09:00,11:00,14:00,19:00,20:00,00:00,04:00
12:00,01:00,09:00,17:00,20:00,09:00,11:00,14:00,19:00,20:00,00:00,04:00
12:00,01:00,09:00,17:00,20:00,09:00,11:00,14:00,19:00,20:00,00:00,04:00
12:00,01:00,09:00,17:00,20:00,09:00,11:00,14:00,19:00,20:00,00:00,04:00
12:00,01:00,09:00,17:00,20:00,09:00,11:00,14:00,19:00,20:00,00:00,04:00
12:00,01:00,09:00,17:00,20:00,09:00,11:00,14:00,19:00,20:00,00:00,04:00
14:00,03:00,11:00,19:00,22:00,11:00,13:00,16:00,21:00,22:00,02:00,06:00
14:00,03:00,11:00,19:00,22:00,11:00,13:00,16:00,21:00,22:00,02:00,06:00
14:00,03:00,11:00,19:00,22:00,11:00,13:00,16:00,21:00,22:00,02:00,06:00
16:00,05:00,13:00,21:00,00:00,13:00,15:00,18:00,23:00,00:00,04:00,08:00
16:00,05:00,13:00,21:00,00:00,13:00,15:00,18:00,23:00,00:00,04:00,08:00
16:00,05:00,13:00,21:00,00:00,13:00,15:00,18:00,23:00,00:00,04:00,08:00
16:00,05:00,13:00,21:00,00:00,13:00,15:00,18:00,23:00,00:00,04:00,08:00
16:00,05:00,13:00,21:00,00:00,13:00,15:00,18:00,23:00,00:00,04:00,08:00
16:00,05:00,13:00,21:00,00:00,13:00,15:00,18:00,23:00,00:00,04:00,08:00
18:00,07:00,15:00,23:00,02:00,15:00,17:00,20:00,01:00,02:00,06:00,10:00
18:00,07:00,15:00,23:00,02:00,15:00,17:00,20:00,01:00,02:00,06:00,10:00
18:00,07:00,15:00,23:00,02:00,15:00,17:00,20:00,01:00,02:00,06:00,10:00
22:00,11:00,19:00,03:00,06:00,19:00,21:00,00:00,05:00,06:00,10:00,14:00
22:00,11:00,19:00,03:00,06:00,19:00,21:00,00:00,05:00,06:00,10:00,14:00
12:00,01:00,09:00,17:00,20:00,09:00,11:00,14:00,19:00,20:00,00:00,04:00
14:00,03:00,11:00,19:00,22:00,11:00,13:00,16:00,21:00,22:00,02:00,06:00
16:00,05:00,13:00,21:00,00:00,13:00,15:00,18:00,23:00,00:00,04:00,08:00
12:00,01:00,09:00,17:00,20:00,09:00,11:00,14:00,19:00,20:00,00:00,04:00
14:25,03:25,11:25,19:25,22:25,11:25,13:25,16:25,21:25,22:25,02:25,06:25
14:00,03:00,11:00,19:00,22:00,11:00,13:00,16:00,21:00,22:00,02:00,06:00
16:00,05:00,13:00,21:00,00:00,13:00,15:00,18:00,23:00,00:00,04:00,08:00
09:55,22:55,06:55,14:55,17:55,06:55,08:55,11:55,16:55,17:55,21:55,01:55
11:25,00:25,08:25,16:25,19:25,08:25,10:25,13:25,18:25,19:25,23:25,03:25
20:00,09:00,17:00,01:00,04:00,17:00,19:00,22:00,03:00,04:00,08:00,12:00
11:25,00:25,08:25,16:25,19:25,08:25,10:25,13:25,18:25,19:25,23:25,03:25
11:25,00:25,08:25,16:25,19:25,08:25,10:25,13:25,18:25,19:25,23:25,03:25
20:00,09:00,17:00,01:00,04:00,17:00,19:00,22:00,03:00,04:00,08:00,12:00
20:00,09:00,17:00,01:00,04:00,17:00,19:00,22:00,03:00,04:00,08:00,12:00
20:00,09:00,17:00,01:00,04:00,17:00,19:00,22:00,03:00,04:00,08:00,12:00
20:00,09:00,17:00,01:00,04:00,17:00,19:00,22:00,03:00,04:00,08:00,12:00
11:25,00:25,08:25,16:25,19:25,08:25,10:25,13:25,18:25,19:25,23:25,03:25
14:25,03:25,11:25,19:25,22:25,11:25,13:25,16:25,21:25,22:25,02:25,06:25
20:00,09:00,17:00,01:00,04:00,17:00,19:00,22:00,03:00,04:00,08:00,12:00
12:55,01:55,09:55,17:55,20:55,09:55,11:55,14:55,19:55,20:55,00:55,04:55
12:00,01:00,09:00,17:00,20:00,09:00,11:00,14:00,19:00,20:00,00:00,04:00
16:00,05:00,13:00,21:00,00:00,13:00,15:00,18:00,23:00,00:00,04:00,08:00
12:00,01:00,09:00,17:00,20:00,09:00,11:00,14:00,19:00,20:00,00:00,04:00
16:00,05:00,13:00,21:00,00:00,13:00,15:00,18:00,23:00,00:00,04:00,08:00
16:00,05:00,13:00,21:00,00:00,13:00,15:00,18:00,23:00,00:00,04:00,08:00
16:00,05:00,13:00,21:00,00:00,13:00,15:00,18:00,23:00,00:00,04:00,08:00
16:00,05:00,13:00,21:00,00:00,13:00,15:00,18:00,23:00,00:00,04:00,08:00
18:00,07:00,15:00,23:00,02:00,15:00,17:00,20:00,01:00,02:00,06:00,10:00
16:00,05:00,13:00,21:00,00:00,13:00,15:00,18:00,23:00,00:00,04:00,08:00
12:00,01:00,09:00,17:00,20:00,09:00,11:00,14:00,19:00,20:00,00:00,04:00
16:00,05:00,13:00,21:00,00:00,13:00,15:00,18:00,23:00,00:00,04:00,08:00
18:00,07:00,15:00,23:00,02:00,15:00,17:00,20:00,01:00,02:00,06:00,10:00
14:00,03:00,11:00,19:00,22:00,11:00,13:00,16:00,21:00,22:00,02:00,06:00
16:00,05:00,13:00,21:00,00:00,13:00,15:00,18:00,23:00,00:00,04:00,08:00
18:00,07:00,15:00,23:00,02:00,15:00,17:00,20:00,01:00,02:00,06:00,10:00
20:00,09:00,17:00,01:00,04:00,17:00,19:00,22:00,03:00,04:00,08:00,12:00
10:50,23:50,07:50,15:50,18:50,07:50,09:50,12:50,17:50,18:50,22:50,02:50
16:00,05:00,13:00,21:00,00:00,13:00,15:00,18:00,23:00,00:00,04:00,08:00
17:00,06:00,14:00,22:00,01:00,14:00,16:00,19:00,00:00,01:00,05:00,09:00
18:00,07:00,15:00,23:00,02:00,15:00,17:00,20:00,01:00,02:00,06:00,10:00
21:00,10:00,18:00,02:00,05:00,18:00,20:00,23:00,04:00,05:00,09:00,13:00
14:00,03:00,11:00,19:00,22:00,11:00,13:00,16:00,21:00,22:00,02:00,06:00
17:00,06:00,14:00,22:00,01:00,14:00,16:00,19:00,00:00,01:00,05:00,09:00
18:00,07:00,15:00,23:00,02:00,15:00,17:00,20:00,01:00,02:00,06:00,10:00
21:00,10:00,18:00,02:00,05:00,18:00,20:00,23:00,04:00,05:00,09:00,13:00
11:00,00:00,08:00,16:00,19:00,08:00,10:00,13:00,18:00,19:00,23:00,03:00
15:00,04:00,12:00,20:00,23:00,12:00,14:00,17:00,22:00,23:00,03:00,07:00
16:00,05:00,13:00,21:00,00:00,13:00,15:00,18:00,23:00,00:00,04:00,08:00
19:00,08:00,16:00,00:00,03:00,16:00,18:00,21:00,02:00,03:00,07:00,11:00
16:00,05:00,13:00,21:00,00:00,13:00,15:00,18:00,23:00,00:00,04:00,08:00
17:00,06:00,14:00,22:00,01:00,14:00,16:00,19:00,00:00,01:00,05:00,09:00
10:00,23:00,07:00,15:00,18:00,07:00,09:00,12:00,17:00,18:00,22:00,02:00
15:00,04:00,12:00,20:00,23:00,12:00,14:00,17:00,22:00,23:00,03:00,07:00
16:00,05:00,13:00,21:00,00:00,13:00,15:00,18:00,23:00,00:00,04:00,08:00
17:00,06:00,14:00,22:00,01:00,14:00,16:00,19:00,00:00,01:00,05:00,09:00
19:00,08:00,16:00,00:00,03:00,16:00,18:00,21:00,02:00,03:00,07:00,11:00
14:00,03:00,11:00,19:00,22:00,11:00,13:00,16:00,21:00,22:00,02:00,06:00
15:00,04:00,12:00,20:00,23:00,12:00,14:00,17:00,22:00,23:00,03:00,07:00
18:00,07:00,15:00,23:00,02:00,15:00,17:00,20:00,01:00,02:00,06:00,10:00
10:00,23:00,07:00,15:00,18:00,07:00,09:00,12:00,17:00,18:00,22:00,02:00
18:00,07:00,15:00,23:00,02:00,15:00,17:00,20:00,01:00,02:00,06:00,10:00
16:00,05:00,13:00,21:00,00:00,13:00,15:00,18:00,23:00,00:00,04:00,08:00
18:00,07:00,15:00,23:00,02:00,15:00,17:00,20:00,01:00,02:00,06:00,10:00
21:00,10:00,18:00,02:00,05:00,18:00,20:00,23:00,04:00,05:00,09:00,13:00
17:00,06:00,14:00,22:00,01:00,14:00,16:00,19:00,00:00,01:00,05:00,09:00
18:00,07:00,15:00,23:00,02:00,15:00,17:00,20:00,01:00,02:00,06:00,10:00
21:00,10:00,18:00,02:00,05:00,18:00,20:00,23:00,04:00,05:00,09:00,13:00
16:00,05:00,13:00,21:00,00:00,13:00,15:00,18:00,23:00,00:00,04:00,08:00
18:00,07:00,15:00,23:00,02:00,15:00,17:00,20:00,01:00,02:00,06:00,10:00
18:00,07:00,15:00,23:00,02:00,15:00,17:00,20:00,01:00,02:00,06:00,10:00
21:00,10:00,18:00,02:00,05:00,18:00,20:00,23:00,04:00,05:00,09:00,13:00
15:00,04:00,12:00,20:00,23:00,12:00,14:00,17:00,22:00,23:00,03:00,07:00
16:00,05:00,13:00,21:00,00:00,13:00,15:00,18:00,23:00,00:00,04:00,08:00
17:00,06:00,14:00,22:00,01:00,14:00,16:00,19:00,00:00,01:00,05:00,09:00
18:00,07:00,15:00,23:00,02:00,15:00,17:00,20:00,01:00,02:00,06:00,10:00
21:00,10:00,18:00,02:00,05:00,18:00,20:00,23:00,04:00,05:00,09:00,13:00
16:00,05:00,13:00,21:00,00:00,13:00,15:00,18:00,23:00,00:00,04:00,08:00
16:00,05:00,13:00,21:00,00:00,13:00,15:00,18:00,23:00,00:00,04:00,08:00
17:00,06:00,14:00,22:00,01:00,14:00,16:00,19:00,00:00,01:00,05:00,09:00
18:00,07:00,15:00,23:00,02:00,15:00,17:00,20:00,01:00,02:00,06:00,10:00
19:00,08:00,16:00,00:00,03:00,16:00,18:00,21:00,02:00,03:00,07:00,11:00
14:00,03:00,11:00,19:00,22:00,11:00,13:00,16:00,21:00,22:00,02:00,06:00
19:00,08:00,16:00,00:00,03:00,16:00,18:00,21:00,02:00,03:00,07:00,11:00
10:50,23:50,07:50,15:50,18:50,07:50,09:50,12:50,17:50,18:50,22:50,02:50
13:00,02:00,10:00,18:00,21:00,10:00,12:00,15:00,20:00,21:00,01:00,05:00
16:00,05:00,13:00,21:00,00:00,13:00,15:00,18:00,23:00,00:00,04:00,08:00
17:00,06:00,14:00,22:00,01:00,14:00,16:00,19:00,00:00,01:00,05:00,09:00
18:00,07:00,15:00,23:00,02:00,15:00,17:00,20:00,01:00,02:00,06:00,10:00
13:00,02:00,10:00,18:00,21:00,10:00,12:00,15:00,20:00,21:00,01:00,05:00
16:00,05:00,13:00,21:00,00:00,13:00,15:00,18:00,23:00,00:00,04:00,08:00
10:00,23:00,07:00,15:00,18:00,07:00,09:00,12:00,17:00,18:00,22:00,02:00
12:50,01:50,09:50,17:50,20:50,09:50,11:50,14:50,19:50,20:50,00:50,04:50
14:00,03:00,11:00,19:00,22:00,11:00,13:00,16:00,21:00,22:00,02:00,06:00
11:50,00:50,08:50,16:50,19:50,08:50,10:50,13:50,18:50,19:50,23:50,03:50
20:00,09:00,17:00,01:00,04:00,17:00,19:00,22:00,03:00,04:00,08:00,12:00
14:00,03:00,11:00,19:00,22:00,11:00,13:00,16:00,21:00,22:00,02:00,06:00
10:50,23:50,07:50,15:50,18:50,07:50,09:50,12:50,17:50,18:50,22:50,02:50
19:00,08:00,16:00,00:00,03:00,16:00,18:00,21:00,02:00,03:00,07:00,11:00
13:00,02:00,10:00,18:00,21:00,10:00,12:00,15:00,20:00,21:00,01:00,05:00
16:00,05:00,13:00,21:00,00:00,13:00,15:00,18:00,23:00,00:00,04:00,08:00
08:50,21:50,05:50,13:50,16:50,05:50,07:50,10:50,15:50,16:50,20:50,00:50
11:50,00:50,08:50,16:50,19:50,08:50,10:50,13:50,18:50,19:50,23:50,03:50
13:00,02:00,10:00,18:00,21:00,10:00,12:00,15:00,20:00,21:00,01:00,05:00
13:00,02:00,10:00,18:00,21:00,10:00,12:00,15:00,20:00,21:00,01:00,05:00
14:00,03:00,11:00,19:00,22:00,11:00,13:00,16:00,21:00,22:00,02:00,06:00
10:50,23:50,07:50,15:50,18:50,07:50,09:50,12:50,17:50,18:50,22:50,02:50
15:00,04:00,12:00,20:00,23:00,12:00,14:00,17:00,22:00,23:00,03:00,07:00
18:00,07:00,15:00,23:00,02:00,15:00,17:00,20:00,01:00,02:00,06:00,10:00
12:00,01:00,09:00,17:00,20:00,09:00,11:00,14:00,19:00,20:00,00:00,04:00
20:00,09:00,17:00,01:00,04:00,17:00,19:00,22:00,03:00,04:00,08:00,12:00
14:00,03:00,11:00,19:00,22:00,11:00,13:00,16:00,21:00,22:00,02:00,06:00
20:00,09:00,17:00,01:00,04:00,17:00,19:00,22:00,03:00,04:00,08:00,12:00
16:00,05:00,13:00,21:00,00:00,13:00,15:00,18:00,23:00,00:00,04:00,08:00
18:00,07:00,15:00,23:00,02:00,15:00,17:00,20:00,01:00,02:00,06:00,10:00
14:00,03:00,11:00,19:00,22:00,11:00,13:00,16:00,21:00,22:00,02:00,06:00
14:00,03:00,11:00,19:00,22:00,11:00,13:00,16:00,21:00,22:00,02:00,06:00
18:00,07:00,15:00,23:00,02:00,15:00,17:00,20:00,01:00,02:00,06:00,10:00
18:00,07:00,15:00,23:00,02:00,15:00,17:00,20:00,01:00,02:00,06:00,10:00
16:00,05:00,13:00,21:00,00:00,13:00,15:00,18:00,23:00,00:00,04:00,08:00
20:00,09:00,17:00,01:00,04:00,17:00,19:00,22:00,03:00,04:00,08:00,12:00
16:00,05:00,13:00,21:00,00:00,13:00,15:00,18:00,23:00,00:00,04:00,08:00
12:00,01:00,09:00,17:00,20:00,09:00,11:00,14:00,19:00,20:00,00:00,04:00
14:00,03:00,11:00,19:00,22:00,11:00,13:00,16:00,21:00,22:00,02:00,06:00
16:00,05:00,13:00,21:00,00:00,13:00,15:00,18:00,23:00,00:00,04:00,08:00
14:00,03:00,11:00,19:00,22:00,11:00,13:00,16:00,21:00,22:00,02:00,06:00
14:00,03:00,11:00,19:00,22:00,11:00,13:00,16:00,21:00,22:00,02:00,06:00
16:00,05:00,13:00,21:00,00:00,13:00,15:00,18:00,23:00,00:00,04:00,08:00
18:00,07:00,15:00,23:00,02:00,15:00,17:00,20:00,01:00,02:00,06:00,10:00
20:00,09:00,17:00,01:00,04:00,17:00,19:00,22:00,03:00,04:00,08:00,12:00
12:00,01:00,09:00,17:00,20:00,09:00,11:00,14:00,19:00,20:00,00:00,04:00
20:00,09:00,17:00,01:00,04:00,17:00,19:00,22:00,03:00,04:00,08:00,12:00
16:00,05:00,13:00,21:00,00:00,13:00,15:00,18:00,23:00,00:00,04:00,08:00
11:25,00:25,08:25,16:25,19:25,08:25,10:25,13:25,18:25,19:25,23:25,03:25
12:55,01:55,09:55,17:55,20:55,09:55,11:55,14:55,19:55,20:55,00:55,04:55
14:25,03:25,11:25,19:25,22:25,11:25,13:25,16:25,21:25,22:25,02:25,06:25
14:00,03:00,11:00,19:00,22:00,11:00,13:00,16:00,21:00,22:00,02:00,06:00
09:55,22:55,06:55,14:55,17:55,06:55,08:55,11:55,16:55,17:55,21:55,01:55
12:55,01:55,09:55,17:55,20:55,09:55,11:55,14:55,19:55,20:55,00:55,04:55
15:55,04:55,12:55,20:55,23:55,12:55,14:55,17:55,22:55,23:55,03:55,07:55
19:00,08:00,16:00,00:00,03:00,16:00,18:00,21:00,02:00,03:00,07:00,11:00
11:30,00:30,08:30,16:30,19:30,08:30,10:30,13:30,18:30,19:30,23:30,03:30
14:30,03:30,11:30,19:30,22:30,11:30,13:30,16:30,21:30,22:30,02:30,06:30
18:00,07:00,15:00,23:00,02:00,15:00,17:00,20:00,01:00,02:00,06:00,10:00
20:00,09:00,17:00,01:00,04:00,17:00,19:00,22:00,03:00,04:00,08:00,12:00
16:00,05:00,13:00,21:00,00:00,13:00,15:00,18:00,23:00,00:00,04:00,08:00
13:25,02:25,10:25,18:25,21:25,10:25,12:25,15:25,20:25,21:25,01:25,05:25
12:00,01:00,09:00,17:00,20:00,09:00,11:00,14:00,19:00,20:00,00:00,04:00
16:00,05:00,13:00,21:00,00:00,13:00,15:00,18:00,23:00,00:00,04:00,08:00
16:00,05:00,13:00,21:00,00:00,13:00,15:00,18:00,23:00,00:00,04:00,08:00
12:00,01:00,09:00,17:00,20:00,09:00,11:00,14:00,19:00,20:00,00:00,04:00
16:00,05:00,13:00,21:00,00:00,13:00,15:00,18:00,23:00,00:00,04:00,08:00
16:00,05:00,13:00,21:00,00:00,13:00,15:00,18:00,23:00,00:00,04:00,08:00
14:00,03:00,11:00,19:00,22:00,11:00,13:00,16:00,21:00,22:00,02:00,06:00
09:55,22:55,06:55,14:55,17:55,06:55,08:55,11:55,16:55,17:55,21:55,01:55
12:55,01:55,09:55,17:55,20:55,09:55,11:55,14:55,19:55,20:55,00:55,04:55
12:55,01:55,09:55,17:55,20:55,09:55,11:55,14:55,19:55,20:55,00:55,04:55
20:00,09:00,17:00,01:00,04:00,17:00,19:00,22:00,03:00,04:00,08:00,12:00
09:55,22:55,06:55,14:55,17:55,06:55,08:55,11:55,16:55,17:55,21:55,01:55
12:55,01:55,09:55,17:55,20:55,09:55,11:55,14:55,19:55,20:55,00:55,04:55
15:55,04:55,12:55,20:55,23:55,12:55,14:55,17:55,22:55,23:55,03:55,07:55
20:00,09:00,17:00,01:00,04:00,17:00,19:00,22:00,03:00,04:00,08:00,12:00
16:00,05:00,13:00,21:00,00:00,13:00,15:00,18:00,23:00,00:00,04:00,08:00
12:00,01:00,09:00,17:00,20:00,09:00,11:00,14:00,19:00,20:00,00:00,04:00
14:00,03:00,11:00,19:00,22:00,11:00,13:00,16:00,21:00,22:00,02:00,06:00
12:00,01:00,09:00,17:00,20:00,09:00,11:00,14:00,19:00,20:00,00:00,04:00
16:00,05:00,13:00,21:00,00:00,13:00,15:00,18:00,23:00,00:00,04:00,08:00
12:00,01:00,09:00,17:00,20:00,09:00,11:00,14:00,19:00,20:00,00:00,04:00
18:00,07:00,15:00,23:00,02:00,15:00,17:00,20:00,01:00,02:00,06:00,10:00
18:00,07:00,15:00,23:00,02:00,15:00,17:00,20:00,01:00,02:00,06:00,10:00
16:00,05:00,13:00,21:00,00:00,13:00,15:00,18:00,23:00,00:00,04:00,08:00
12:00,01:00,09:00,17:00,20:00,09:00,11:00,14:00,19:00,20:00,00:00,04:00
16:00,05:00,13:00,21:00,00:00,13:00,15:00,18:00,23:00,00:00,04:00,08:00
16:00,05:00,13:00,21:00,00:00,13:00,15:00,18:00,23:00,00:00,04:00,08:00
14:00,03:00,11:00,19:00,22:00,11:00,13:00,16:00,21:00,22:00,02:00,06:00
16:00,05:00,13:00,21:00,00:00,13:00,15:00,18:00,23:00,00:00,04:00,08:00
14:00,03:00,11:00,19:00,22:00,11:00,13:00,16:00,21:00,22:00,02:00,06:00
18:00,07:00,15:00,23:00,02:00,15:00,17:00,20:00,01:00,02:00,06:00,10:00
16:00,05:00,13:00,21:00,00:00,13:00,15:00,18:00,23:00,00:00,04:00,08:00
12:00,01:00,09:00,17:00,20:00,09:00,11:00,14:00,19:00,20:00,00:00,04:00
20:00,09:00,17:00,01:00,04:00,17:00,19:00,22:00,03:00,04:00,08:00,12:00
14:00,03:00,11:00,19:00,22:00,11:00,13:00,16:00,21:00,22:00,02:00,06:00
16:00,05:00,13:00,21:00,00:00,13:00,15:00,18:00,23:00,00:00,04:00,08:00
14:00,03:00,11:00,19:00,22:00,11:00,13:00,16:00,21:00,22:00,02:00,06:00
16:00,05:00,13:00,21:00,00:00,13:00,15:00,18:00,23:00,00:00,04:00,08:00
12:00,01:00,09:00,17:00,20:00,09:00,11:00,14:00,19:00,20:00,00:00,04:00
16:00,05:00,13:00,21:00,00:00,13:00,15:00,18:00,23:00,00:00,04:00,08:00
16:00,05:00,13:00,21:00,00:00,13:00,15:00,18:00,23:00,00:00,04:00,08:00
16:00,05:00,13:00,21:00,00:00,13:00,15:00,18:00,23:00,00:00,04:00,08:00
16:30,05:30,13:30,21:30,00:30,13:30,15:30,18:30,23:30,00:30,04:30,08:30
12:00,01:00,09:00,17:00,20:00,09:00,11:00,14:00,19:00,20:00,00:00,04:00
16:00,05:00,13:00,21:00,00:00,13:00,15:00,18:00,23:00,00:00,04:00,08:00
16:00,05:00,13:00,21:00,00:00,13:00,15:00,18:00,23:00,00:00,04:00,08:00
16:00,05:00,13:00,21:00,00:00,13:00,15:00,18:00,23:00,00:00,04:00,08:00
16:00,05:00,13:00,21:00,00:00,13:00,15:00,18:00,23:00,00:00,04:00,08:00
16:00,05:00,13:00,21:00,00:00,13:00,15:00,18:00,23:00,00:00,04:00,08:00
12:00,01:00,09:00,17:00,20:00,09:00,11:00,14:00,19:00,20:00,00:00,04:00
17:00,06:00,14:00,22:00,01:00,14:00,16:00,19:00,00:00,01:00,05:00,09:00
16:00,05:00,13:00,21:00,00:00,13:00,15:00,18:00,23:00,00:00,04:00,08:00
17:00,06:00,14:00,22:00,01:00,14:00,16:00,19:00,00:00,01:00,05:00,09:00
12:00,01:00,09:00,17:00,20:00,09:00,11:00,14:00,19:00,20:00,00:00,04:00
14:00,03:00,11:00,19:00,22:00,11:00,13:00,16:00,21:00,22:00,02:00,06:00
11:50,00:50,08:50,16:50,19:50,08:50,10:50,13:50,18:50,19:50,23:50,03:50
17:25,06:25,14:25,22:25,01:25,14:25,16:25,19:25,00:25,01:25,05:25,09:25
15:55,04:55,12:55,20:55,23:55,12:55,14:55,17:55,22:55,23:55,03:55,07:55
16:00,05:00,13:00,21:00,00:00,13:00,15:00,18:00,23:00,00:00,04:00,08:00
14:25,03:25,11:25,19:25,22:25,11:25,13:25,16:25,21:25,22:25,02:25,06:25
11:25,00:25,08:25,16:25,19:25,08:25,10:25,13:25,18:25,19:25,23:25,03:25
12:00,01:00,09:00,17:00,20:00,09:00,11:00,14:00,19:00,20:00,00:00,04:00
12:00,01:00,09:00,17:00,20:00,09:00,11:00,14:00,19:00,20:00,00:00,04:00
12:55,01:55,09:55,17:55,20:55,09:55,11:55,14:55,19:55,20:55,00:55,04:55
14:00,03:00,11:00,19:00,22:00,11:00,13:00,16:00,21:00,22:00,02:00,06:00
18:00,07:00,15:00,23:00,02:00,15:00,17:00,20:00,01:00,02:00,06:00,10:00
14:00,03:00,11:00,19:00,22:00,11:00,13:00,16:00,21:00,22:00,02:00,06:00
10:00,23:00,07:00,15:00,18:00,07:00,09:00,12:00,17:00,18:00,22:00,02:00
11:00,00:00,08:00,16:00,19:00,08:00,10:00,13:00,18:00,19:00,23:00,03:00
09:55,22:55,06:55,14:55,17:55,06:55,08:55,11:55,16:55,17:55,21:55,01:55
13:00,02:00,10:00,18:00,21:00,10:00,12:00,15:00,20:00,21:00,01:00,05:00
14:00,03:00,11:00,19:00,22:00,11:00,13:00,16:00,21:00,22:00,02:00,06:00
18:00,07:00,15:00,23:00,02:00,15:00,17:00,20:00,01:00,02:00,06:00,10:00
17:25,06:25,14:25,22:25,01:25,14:25,16:25,19:25,00:25,01:25,05:25,09:25
14:00,03:00,11:00,19:00,22:00,11:00,13:00,16:00,21:00,22:00,02:00,06:00
10:00,23:00,07:00,15:00,18:00,07:00,09:00,12:00,17:00,18:00,22:00,02:00
11:00,00:00,08:00,16:00,19:00,08:00,10:00,13:00,18:00,19:00,23:00,03:00
18:00,07:00,15:00,23:00,02:00,15:00,17:00,20:00,01:00,02:00,06:00,10:00
18:00,07:00,15:00,23:00,02:00,15:00,17:00,20:00,01:00,02:00,06:00,10:00
16:00,05:00,13:00,21:00,00:00,13:00,15:00,18:00,23:00,00:00,04:00,08:00
16:00,05:00,13:00,21:00,00:00,13:00,15:00,18:00,23:00,00:00,04:00,08:00
11:25,00:25,08:25,16:25,19:25,08:25,10:25,13:25,18:25,19:25,23:25,03:25
14:00,03:00,11:00,19:00,22:00,11:00,13:00,16:00,21:00,22:00,02:00,06:00
09:55,22:55,06:55,14:55,17:55,06:55,08:55,11:55,16:55,17:55,21:55,01:55
11:25,00:25,08:25,16:25,19:25,08:25,10:25,13:25,18:25,19:25,23:25,03:25
12:55,01:55,09:55,17:55,20:55,09:55,11:55,14:55,19:55,20:55,00:55,04:55
16:00,05:00,13:00,21:00,00:00,13:00,15:00,18:00,23:00,00:00,04:00,08:00
18:00,07:00,15:00,23:00,02:00,15:00,17:00,20:00,01:00,02:00,06:00,10:00
16:00,05:00,13:00,21:00,00:00,13:00,15:00,18:00,23:00,00:00,04:00,08:00
17:25,06:25,14:25,22:25,01:25,14:25,16:25,19:25,00:25,01:25,05:25,09:25
14:00,03:00,11:00,19:00,22:00,11:00,13:00,16:00,21:00,22:00,02:00,06:00
12:00,01:00,09:00,17:00,20:00,09:00,11:00,14:00,19:00,20:00,00:00,04:00
16:00,05:00,13:00,21:00,00:00,13:00,15:00,18:00,23:00,00:00,04:00,08:00
12:00,01:00,09:00,17:00,20:00,09:00,11:00,14:00,19:00,20:00,00:00,04:00
16:00,05:00,13:00,21:00,00:00,13:00,15:00,18:00,23:00,00:00,04:00,08:00
18:00,07:00,15:00,23:00,02:00,15:00,17:00,20:00,01:00,02:00,06:00,10:00
18:00,07:00,15:00,23:00,02:00,15:00,17:00,20:00,01:00,02:00,06:00,10:00
16:00,05:00,13:00,21:00,00:00,13:00,15:00,18:00,23:00,00:00,04:00,08:00
16:00,05:00,13:00,21:00,00:00,13:00,15:00,18:00,23:00,00:00,04:00,08:00
14:00,03:00,11:00,19:00,22:00,11:00,13:00,16:00,21:00,22:00,02:00,06:00
18:00,07:00,15:00,23:00,02:00,15:00,17:00,20:00,01:00,02:00,06:00,10:00
12:00,01:00,09:00,17:00,20:00,09:00,11:00,14:00,19:00,20:00,00:00,04:00
16:00,05:00,13:00,21:00,00:00,13:00,15:00,18:00,23:00,00:00,04:00,08:00
18:00,07:00,15:00,23:00,02:00,15:00,17:00,20:00,01:00,02:00,06:00,10:00
18:00,07:00,15:00,23:00,02:00,15:00,17:00,20:00,01:00,02:00,06:00,10:00
18:00,07:00,15:00,23:00,02:00,15:00,17:00,20:00,01:00,02:00,06:00,10:00
12:00,01:00,09:00,17:00,20:00,09:00,11:00,14:00,19:00,20:00,00:00,04:00
12:00,01:00,09:00,17:00,20:00,09:00,11:00,14:00,19:00,20:00,00:00,04:00
12:00,01:00,09:00,17:00,20:00,09:00,11:00,14:00,19:00,20:00,00:00,04:00
18:00,07:00,15:00,23:00,02:00,15:00,17:00,20:00,01:00,02:00,06:00,10:00
16:00,05:00,13:00,21:00,00:00,13:00,15:00,18:00,23:00,00:00,04:00,08:00
18:00,07:00,15:00,23:00,02:00,15:00,17:00,20:00,01:00,02:00,06:00,10:00
12:00,01:00,09:00,17:00,20:00,09:00,11:00,14:00,19:00,20:00,00:00,04:00
18:00,07:00,15:00,23:00,02:00,15:00,17:00,20:00,01:00,02:00,06:00,10:00
18:00,07:00,15:00,23:00,02:00,15:00,17:00,20:00,01:00,02:00,06:00,10:00
12:00,01:00,09:00,17:00,20:00,09:00,11:00,14:00,19:00,20:00,00:00,04:00
12:00,01:00,09:00,17:00,20:00,09:00,11:00,14:00,19:00,20:00,00:00,04:00
16:00,05:00,13:00,21:00,00:00,13:00,15:00,18:00,23:00,00:00,04:00,08:00
16:00,05:00,13:00,21:00,00:00,13:00,15:00,18:00,23:00,00:00,04:00,08:00
18:00,07:00,15:00,23:00,02:00,15:00,17:00,20:00,01:00,02:00,06:00,10:00
10:20,23:20,07:20,15:20,18:20,07:20,09:20,12:20,17:20,18:20,22:20,02:20
12:00,01:00,09:00,17:00,20:00,09:00,11:00,14:00,19:00,20:00,00:00,04:00
18:00,07:00,15:00,23:00,02:00,15:00,17:00,20:00,01:00,02:00,06:00,10:00
20:55,09:55,17:55,01:55,04:55,17:55,19:55,22:55,03:55,04:55,08:55,12:55
20:55,09:55,17:55,01:55,04:55,17:55,19:55,22:55,03:55,04:55,08:55,12:55
12:55,01:55,09:55,17:55,20:55,09:55,11:55,14:55,19:55,20:55,00:55,04:55
09:55,22:55,06:55,14:55,17:55,06:55,08:55,11:55,16:55,17:55,21:55,01:55
12:55,01:55,09:55,17:55,20:55,09:55,11:55,14:55,19:55,20:55,00:55,04:55
11:25,00:25,08:25,16:25,19:25,08:25,10:25,13:25,18:25,19:25,23:25,03:25
12:55,01:55,09:55,17:55,20:55,09:55,11:55,14:55,19:55,20:55,00:55,04:55
17:25,06:25,14:25,22:25,01:25,14:25,16:25,19:25,00:25,01:25,05:25,09:25
11:25,00:25,08:25,16:25,19:25,08:25,10:25,13:25,18:25,19:25,23:25,03:25
14:25,03:25,11:25,19:25,22:25,11:25,13:25,16:25,21:25,22:25,02:25,06:25
09:55,22:55,06:55,14:55,17:55,06:55,08:55,11:55,16:55,17:55,21:55,01:55
14:25,03:25,11:25,19:25,22:25,11:25,13:25,16:25,21:25,22:25,02:25,06:25
14:25,03:25,11:25,19:25,22:25,11:25,13:25,16:25,21:25,22:25,02:25,06:25
11:25,00:25,08:25,16:25,19:25,08:25,10:25,13:25,18:25,19:25,23:25,03:25
14:25,03:25,11:25,19:25,22:25,11:25,13:25,16:25,21:25,22:25,02:25,06:25
14:25,03:25,11:25,19:25,22:25,11:25,13:25,16:25,21:25,22:25,02:25,06:25
14:25,03:25,11:25,19:25,22:25,11:25,13:25,16:25,21:25,22:25,02:25,06:25
14:25,03:25,11:25,19:25,22:25,11:25,13:25,16:25,21:25,22:25,02:25,06:25
15:55,04:55,12:55,20:55,23:55,12:55,14:55,17:55,22:55,23:55,03:55,07:55
17:25,06:25,14:25,22:25,01:25,14:25,16:25,19:25,00:25,01:25,05:25,09:25
12:55,01:55,09:55,17:55,20:55,09:55,11:55,14:55,19:55,20:55,00:55,04:55
17:25,06:25,14:25,22:25,01:25,14:25,16:25,19:25,00:25,01:25,05:25,09:25
17:25,06:25,14:25,22:25,01:25,14:25,16:25,19:25,00:25,01:25,05:25,09:25
17:25,06:25,14:25,22:25,01:25,14:25,16:25,19:25,00:25,01:25,05:25,09:25
12:55,01:55,09:55,17:55,20:55,09:55,11:55,14:55,19:55,20:55,00:55,04:55
16:00,05:00,13:00,21:00,00:00,13:00,15:00,18:00,23:00,00:00,04:00,08:00
12:45,01:45,09:45,17:45,20:45,09:45,11:45,14:45,19:45,20:45,00:45,04:45
11:15,00:15,08:15,16:15,19:15,08:15,10:15,13:15,18:15,19:15,23:15,03:15
16:00,05:00,13:00,21:00,00:00,13:00,15:00,18:00,23:00,00:00,04:00,08:00
16:00,05:00,13:00,21:00,00:00,13:00,15:00,18:00,23:00,00:00,04:00,08:00
13:00,02:00,10:00,18:00,21:00,10:00,12:00,15:00,20:00,21:00,01:00,05:00
14:00,03:00,11:00,19:00,22:00,11:00,13:00,16:00,21:00,22:00,02:00,06:00
11:00,00:00,08:00,16:00,19:00,08:00,10:00,13:00,18:00,19:00,23:00,03:00
10:00,23:00,07:00,15:00,18:00,07:00,09:00,12:00,17:00,18:00,22:00,02:00
12:45,01:45,09:45,17:45,20:45,09:45,11:45,14:45,19:45,20:45,00:45,04:45
09:55,22:55,06:55,14:55,17:55,06:55,08:55,11:55,16:55,17:55,21:55,01:55
12:55,01:55,09:55,17:55,20:55,09:55,11:55,14:55,19:55,20:55,00:55,04:55
15:55,04:55,12:55,20:55,23:55,12:55,14:55,17:55,22:55,23:55,03:55,07:55
12:00,01:00,09:00,17:00,20:00,09:00,11:00,14:00,19:00,20:00,00:00,04:00
14:00,03:00,11:00,19:00,22:00,11:00,13:00,16:00,21:00,22:00,02:00,06:00
18:00,07:00,15:00,23:00,02:00,15:00,17:00,20:00,01:00,02:00,06:00,10:00
20:00,09:00,17:00,01:00,04:00,17:00,19:00,22:00,03:00,04:00,08:00,12:00
14:00,03:00,11:00,19:00,22:00,11:00,13:00,16:00,21:00,22:00,02:00,06:00
12:00,01:00,09:00,17:00,20:00,09:00,11:00,14:00,19:00,20:00,00:00,04:00
12:00,01:00,09:00,17:00,20:00,09:00,11:00,14:00,19:00,20:00,00:00,04:00
14:00,03:00,11:00,19:00,22:00,11:00,13:00,16:00,21:00,22:00,02:00,06:00
18:00,07:00,15:00,23:00,02:00,15:00,17:00,20:00,01:00,02:00,06:00,10:00
18:00,07:00,15:00,23:00,02:00,15:00,17:00,20:00,01:00,02:00,06:00,10:00
18:00,07:00,15:00,23:00,02:00,15:00,17:00,20:00,01:00,02:00,06:00,10:00
16:00,05:00,13:00,21:00,00:00,13:00,15:00,18:00,23:00,00:00,04:00,08:00
14:00,03:00,11:00,19:00,22:00,11:00,13:00,16:00,21:00,22:00,02:00,06:00
12:00,01:00,09:00,17:00,20:00,09:00,11:00,14:00,19:00,20:00,00:00,04:00
12:45,01:45,09:45,17:45,20:45,09:45,11:45,14:45,19:45,20:45,00:45,04:45
14:00,03:00,11:00,19:00,22:00,11:00,13:00,16:00,21:00,22:00,02:00,06:00
18:00,07:00,15:00,23:00,02:00,15:00,17:00,20:00,01:00,02:00,06:00,10:00
16:00,05:00,13:00,21:00,00:00,13:00,15:00,18:00,23:00,00:00,04:00,08:00
14:00,03:00,11:00,19:00,22:00,11:00,13:00,16:00,21:00,22:00,02:00,06:00
18:00,07:00,15:00,23:00,02:00,15:00,17:00,20:00,01:00,02:00,06:00,10:00
16:00,05:00,13:00,21:00,00:00,13:00,15:00,18:00,23:00,00:00,04:00,08:00
14:00,03:00,11:00,19:00,22:00,11:00,13:00,16:00,21:00,22:00,02:00,06:00
18:00,07:00,15:00,23:00,02:00,15:00,17:00,20:00,01:00,02:00,06:00,10:00
12:00,01:00,09:00,17:00,20:00,09:00,11:00,14:00,19:00,20:00,00:00,04:00
16:00,05:00,13:00,21:00,00:00,13:00,15:00,18:00,23:00,00:00,04:00,08:00
17:15,06:15,14:15,22:15,01:15,14:15,16:15,19:15,00:15,01:15,05:15,09:15
11:25,00:25,08:25,16:25,19:25,08:25,10:25,13:25,18:25,19:25,23:25,03:25
14:15,03:15,11:15,19:15,22:15,11:15,13:15,16:15,21:15,22:15,02:15,06:15
12:45,01:45,09:45,17:45,20:45,09:45,11:45,14:45,19:45,20:45,00:45,04:45
12:00,01:00,09:00,17:00,20:00,09:00,11:00,14:00,19:00,20:00,00:00,04:00
11:15,00:15,08:15,16:15,19:15,08:15,10:15,13:15,18:15,19:15,23:15,03:15
14:15,03:15,11:15,19:15,22:15,11:15,13:15,16:15,21:15,22:15,02:15,06:15
17:15,06:15,14:15,22:15,01:15,14:15,16:15,19:15,00:15,01:15,05:15,09:15
11:15,00:15,08:15,16:15,19:15,08:15,10:15,13:15,18:15,19:15,23:15,03:15
13:00,02:00,10:00,18:00,21:00,10:00,12:00,15:00,20:00,21:00,01:00,05:00
14:00,03:00,11:00,19:00,22:00,11:00,13:00,16:00,21:00,22:00,02:00,06:00
18:00,07:00,15:00,23:00,02:00,15:00,17:00,20:00,01:00,02:00,06:00,10:00
16:00,05:00,13:00,21:00,00:00,13:00,15:00,18:00,23:00,00:00,04:00,08:00
10:00,23:00,07:00,15:00,18:00,07:00,09:00,12:00,17:00,18:00,22:00,02:00
15:45,04:45,12:45,20:45,23:45,12:45,14:45,17:45,22:45,23:45,03:45,07:45
15:45,04:45,12:45,20:45,23:45,12:45,14:45,17:45,22:45,23:45,03:45,07:45
17:15,06:15,14:15,22:15,01:15,14:15,16:15,19:15,00:15,01:15,05:15,09:15
12:45,01:45,09:45,17:45,20:45,09:45,11:45,14:45,19:45,20:45,00:45,04:45
11:15,00:15,08:15,16:15,19:15,08:15,10:15,13:15,18:15,19:15,23:15,03:15
10:00,23:00,07:00,15:00,18:00,07:00,09:00,12:00,17:00,18:00,22:00,02:00
14:00,03:00,11:00,19:00,22:00,11:00,13:00,16:00,21:00,22:00,02:00,06:00
14:00,03:00,11:00,19:00,22:00,11:00,13:00,16:00,21:00,22:00,02:00,06:00
18:00,07:00,15:00,23:00,02:00,15:00,17:00,20:00,01:00,02:00,06:00,10:00
16:00,05:00,13:00,21:00,00:00,13:00,15:00,18:00,23:00,00:00,04:00,08:00
12:00,01:00,09:00,17:00,20:00,09:00,11:00,14:00,19:00,20:00,00:00,04:00
14:00,03:00,11:00,19:00,22:00,11:00,13:00,16:00,21:00,22:00,02:00,06:00
16:00,05:00,13:00,21:00,00:00,13:00,15:00,18:00,23:00,00:00,04:00,08:00
12:00,01:00,09:00,17:00,20:00,09:00,11:00,14:00,19:00,20:00,00:00,04:00
18:00,07:00,15:00,23:00,02:00,15:00,17:00,20:00,01:00,02:00,06:00,10:00
16:00,05:00,13:00,21:00,00:00,13:00,15:00,18:00,23:00,00:00,04:00,08:00
20:00,09:00,17:00,01:00,04:00,17:00,19:00,22:00,03:00,04:00,08:00,12:00
12:55,01:55,09:55,17:55,20:55,09:55,11:55,14:55,19:55,20:55,00:55,04:55
16:00,05:00,13:00,21:00,00:00,13:00,15:00,18:00,23:00,00:00,04:00,08:00
16:00,05:00,13:00,21:00,00:00,13:00,15:00,18:00,23:00,00:00,04:00,08:00
20:00,09:00,17:00,01:00,04:00,17:00,19:00,22:00,03:00,04:00,08:00,12:00
12:00,01:00,09:00,17:00,20:00,09:00,11:00,14:00,19:00,20:00,00:00,04:00
12:00,01:00,09:00,17:00,20:00,09:00,11:00,14:00,19:00,20:00,00:00,04:00
18:00,07:00,15:00,23:00,02:00,15:00,17:00,20:00,01:00,02:00,06:00,10:00
16:00,05:00,13:00,21:00,00:00,13:00,15:00,18:00,23:00,00:00,04:00,08:00
16:00,05:00,13:00,21:00,00:00,13:00,15:00,18:00,23:00,00:00,04:00,08:00
12:00,01:00,09:00,17:00,20:00,09:00,11:00,14:00,19:00,20:00,00:00,04:00
14:00,03:00,11:00,19:00,22:00,11:00,13:00,16:00,21:00,22:00,02:00,06:00
16:00,05:00,13:00,21:00,00:00,13:00,15:00,18:00,23:00,00:00,04:00,08:00
11:25,00:25,08:25,16:25,19:25,08:25,10:25,13:25,18:25,19:25,23:25,03:25
14:25,03:25,11:25,19:25,22:25,11:25,13:25,16:25,21:25,22:25,02:25,06:25
11:25,00:25,08:25,16:25,19:25,08:25,10:25,13:25,18:25,19:25,23:25,03:25
12:55,01:55,09:55,17:55,20:55,09:55,11:55,14:55,19:55,20:55,00:55,04:55
14:25,03:25,11:25,19:25,22:25,11:25,13:25,16:25,21:25,22:25,02:25,06:25
12:55,01:55,09:55,17:55,20:55,09:55,11:55,14:55,19:55,20:55,00:55,04:55
17:25,06:25,14:25,22:25,01:25,14:25,16:25,19:25,00:25,01:25,05:25,09:25
14:25,03:25,11:25,19:25,22:25,11:25,13:25,16:25,21:25,22:25,02:25,06:25
09:55,22:55,06:55,14:55,17:55,06:55,08:55,11:55,16:55,17:55,21:55,01:55
11:25,00:25,08:25,16:25,19:25,08:25,10:25,13:25,18:25,19:25,23:25,03:25
12:55,01:55,09:55,17:55,20:55,09:55,11:55,14:55,19:55,20:55,00:55,04:55
09:55,22:55,06:55,14:55,17:55,06:55,08:55,11:55,16:55,17:55,21:55,01:55
11:25,00:25,08:25,16:25,19:25,08:25,10:25,13:25,18:25,19:25,23:25,03:25
12:55,01:55,09:55,17:55,20:55,09:55,11:55,14:55,19:55,20:55,00:55,04:55
15:55,04:55,12:55,20:55,23:55,12:55,14:55,17:55,22:55,23:55,03:55,07:55
17:25,06:25,14:25,22:25,01:25,14:25,16:25,19:25,00:25,01:25,05:25,09:25
18:55,07:55,15:55,23:55,02:55,15:55,17:55,20:55,01:55,02:55,06:55,10:55
09:55,22:55,06:55,14:55,17:55,06:55,08:55,11:55,16:55,17:55,21:55,01:55
11:25,00:25,08:25,16:25,19:25,08:25,10:25,13:25,18:25,19:25,23:25,03:25
12:55,01:55,09:55,17:55,20:55,09:55,11:55,14:55,19:55,20:55,00:55,04:55
15:55,04:55,12:55,20:55,23:55,12:55,14:55,17:55,22:55,23:55,03:55,07:55
11:25,00:25,08:25,16:25,19:25,08:25,10:25,13:25,18:25,19:25,23:25,03:25
12:55,01:55,09:55,17:55,20:55,09:55,11:55,14:55,19:55,20:55,00:55,04:55
15:55,04:55,12:55,20:55,23:55,12:55,14:55,17:55,22:55,23:55,03:55,07:55
12:55,01:55,09:55,17:55,20:55,09:55,11:55,14:55,19:55,20:55,00:55,04:55
11:25,00:25,08:25,16:25,19:25,08:25,10:25,13:25,18:25,19:25,23:25,03:25
15:55,04:55,12:55,20:55,23:55,12:55,14:55,17:55,22:55,23:55,03:55,07:55
09:55,22:55,06:55,14:55,17:55,06:55,08:55,11:55,16:55,17:55,21:55,01:55
11:25,00:25,08:25,16:25,19:25,08:25,10:25,13:25,18:25,19:25,23:25,03:25
12:55,01:55,09:55,17:55,20:55,09:55,11:55,14:55,19:55,20:55,00:55,04:55
12:55,01:55,09:55,17:55,20:55,09:55,11:55,14:55,19:55,20:55,00:55,04:55
09:55,22:55,06:55,14:55,17:55,06:55,08:55,11:55,16:55,17:55,21:55,01:55
11:25,00:25,08:25,16:25,19:25,08:25,10:25,13:25,18:25,19:25,23:25,03:25
12:55,01:55,09:55,17:55,20:55,09:55,11:55,14:55,19:55,20:55,00:55,04:55
15:55,04:55,12:55,20:55,23:55,12:55,14:55,17:55,22:55,23:55,03:55,07:55
17:25,06:25,14:25,22:25,01:25,14:25,16:25,19:25,00:25,01:25,05:25,09:25
18:55,07:55,15:55,23:55,02:55,15:55,17:55,20:55,01:55,02:55,06:55,10:55
14:25,03:25,11:25,19:25,22:25,11:25,13:25,16:25,21:25,22:25,02:25,06:25
15:55,04:55,12:55,20:55,23:55,12:55,14:55,17:55,22:55,23:55,03:55,07:55
09:55,22:55,06:55,14:55,17:55,06:55,08:55,11:55,16:55,17:55,21:55,01:55
11:25,00:25,08:25,16:25,19:25,08:25,10:25,13:25,18:25,19:25,23:25,03:25
12:55,01:55,09:55,17:55,20:55,09:55,11:55,14:55,19:55,20:55,00:55,04:55
12:55,01:55,09:55,17:55,20:55,09:55,11:55,14:55,19:55,20:55,00:55,04:55
15:55,04:55,12:55,20:55,23:55,12:55,14:55,17:55,22:55,23:55,03:55,07:55
17:25,06:25,14:25,22:25,01:25,14:25,16:25,19:25,00:25,01:25,05:25,09:25
09:55,22:55,06:55,14:55,17:55,06:55,08:55,11:55,16:55,17:55,21:55,01:55
11:25,00:25,08:25,16:25,19:25,08:25,10:25,13:25,18:25,19:25,23:25,03:25
09:55,22:55,06:55,14:55,17:55,06:55,08:55,11:55,16:55,17:55,21:55,01:55
11:25,00:25,08:25,16:25,19:25,08:25,10:25,13:25,18:25,19:25,23:25,03:25
12:55,01:55,09:55,17:55,20:55,09:55,11:55,14:55,19:55,20:55,00:55,04:55
15:55,04:55,12:55,20:55,23:55,12:55,14:55,17:55,22:55,23:55,03:55,07:55
17:25,06:25,14:25,22:25,01:25,14:25,16:25,19:25,00:25,01:25,05:25,09:25
18:55,07:55,15:55,23:55,02:55,15:55,17:55,20:55,01:55,02:55,06:55,10:55
09:55,22:55,06:55,14:55,17:55,06:55,08:55,11:55,16:55,17:55,21:55,01:55
11:25,00:25,08:25,16:25,19:25,08:25,10:25,13:25,18:25,19:25,23:25,03:25
12:55,01:55,09:55,17:55,20:55,09:55,11:55,14:55,19:55,20:55,00:55,04:55
10:50,23:50,07:50,15:50,18:50,07:50,09:50,12:50,17:50,18:50,22:50,02:50
09:55,22:55,06:55,14:55,17:55,06:55,08:55,11:55,16:55,17:55,21:55,01:55
11:25,00:25,08:25,16:25,19:25,08:25,10:25,13:25,18:25,19:25,23:25,03:25
12:55,01:55,09:55,17:55,20:55,09:55,11:55,14:55,19:55,20:55,00:55,04:55
11:25,00:25,08:25,16:25,19:25,08:25,10:25,13:25,18:25,19:25,23:25,03:25
12:55,01:55,09:55,17:55,20:55,09:55,11:55,14:55,19:55,20:55,00:55,04:55
15:55,04:55,12:55,20:55,23:55,12:55,14:55,17:55,22:55,23:55,03:55,07:55
17:25,06:25,14:25,22:25,01:25,14:25,16:25,19:25,00:25,01:25,05:25,09:25
18:55,07:55,15:55,23:55,02:55,15:55,17:55,20:55,01:55,02:55,06:55,10:55
09:55,22:55,06:55,14:55,17:55,06:55,08:55,11:55,16:55,17:55,21:55,01:55
11:25,00:25,08:25,16:25,19:25,08:25,10:25,13:25,18:25,19:25,23:25,03:25
09:55,22:55,06:55,14:55,17:55,06:55,08:55,11:55,16:55,17:55,21:55,01:55
11:25,00:25,08:25,16:25,19:25,08:25,10:25,13:25,18:25,19:25,23:25,03:25
17:25,06:25,14:25,22:25,01:25,14:25,16:25,19:25,00:25,01:25,05:25,09:25
10:00,23:00,07:00,15:00,18:00,07:00,09:00,12:00,17:00,18:00,22:00,02:00
11:25,00:25,08:25,16:25,19:25,08:25,10:25,13:25,18:25,19:25,23:25,03:25
12:00,01:00,09:00,17:00,20:00,09:00,11:00,14:00,19:00,20:00,00:00,04:00
14:25,03:25,11:25,19:25,22:25,11:25,13:25,16:25,21:25,22:25,02:25,06:25
15:55,04:55,12:55,20:55,23:55,12:55,14:55,17:55,22:55,23:55,03:55,07:55
17:25,06:25,14:25,22:25,01:25,14:25,16:25,19:25,00:25,01:25,05:25,09:25
19:25,08:25,16:25,00:25,03:25,16:25,18:25,21:25,02:25,03:25,07:25,11:25
10:00,23:00,07:00,15:00,18:00,07:00,09:00,12:00,17:00,18:00,22:00,02:00
12:55,01:55,09:55,17:55,20:55,09:55,11:55,14:55,19:55,20:55,00:55,04:55
14:25,03:25,11:25,19:25,22:25,11:25,13:25,16:25,21:25,22:25,02:25,06:25
17:25,06:25,14:25,22:25,01:25,14:25,16:25,19:25,00:25,01:25,05:25,09:25
19:25,08:25,16:25,00:25,03:25,16:25,18:25,21:25,02:25,03:25,07:25,11:25
09:55,22:55,06:55,14:55,17:55,06:55,08:55,11:55,16:55,17:55,21:55,01:55
09:55,22:55,06:55,14:55,17:55,06:55,08:55,11:55,16:55,17:55,21:55,01:55
09:55,22:55,06:55,14:55,17:55,06:55,08:55,11:55,16:55,17:55,21:55,01:55
11:25,00:25,08:25,16:25,19:25,08:25,10:25,13:25,18:25,19:25,23:25,03:25
12:45,01:45,09:45,17:45,20:45,09:45,11:45,14:45,19:45,20:45,00:45,04:45
14:15,03:15,11:15,19:15,22:15,11:15,13:15,16:15,21:15,22:15,02:15,06:15
14:25,03:25,11:25,19:25,22:25,11:25,13:25,16:25,21:25,22:25,02:25,06:25
15:55,04:55,12:55,20:55,23:55,12:55,14:55,17:55,22:55,23:55,03:55,07:55
17:25,06:25,14:25,22:25,01:25,14:25,16:25,19:25,00:25,01:25,05:25,09:25
20:15,09:15,17:15,01:15,04:15,17:15,19:15,22:15,03:15,04:15,08:15,12:15
09:55,22:55,06:55,14:55,17:55,06:55,08:55,11:55,16:55,17:55,21:55,01:55
09:55,22:55,06:55,14:55,17:55,06:55,08:55,11:55,16:55,17:55,21:55,01:55
11:15,00:15,08:15,16:15,19:15,08:15,10:15,13:15,18:15,19:15,23:15,03:15
12:55,01:55,09:55,17:55,20:55,09:55,11:55,14:55,19:55,20:55,00:55,04:55
15:55,04:55,12:55,20:55,23:55,12:55,14:55,17:55,22:55,23:55,03:55,07:55
19:25,08:25,16:25,00:25,03:25,16:25,18:25,21:25,02:25,03:25,07:25,11:25
16:00,05:00,13:00,21:00,00:00,13:00,15:00,18:00,23:00,00:00,04:00,08:00
16:00,05:00,13:00,21:00,00:00,13:00,15:00,18:00,23:00,00:00,04:00,08:00
12:55,01:55,09:55,17:55,20:55,09:55,11:55,14:55,19:55,20:55,00:55,04:55
09:55,22:55,06:55,14:55,17:55,06:55,08:55,11:55,16:55,17:55,21:55,01:55
17:25,06:25,14:25,22:25,01:25,14:25,16:25,19:25,00:25,01:25,05:25,09:25
16:00,05:00,13:00,21:00,00:00,13:00,15:00,18:00,23:00,00:00,04:00,08:00
12:00,01:00,09:00,17:00,20:00,09:00,11:00,14:00,19:00,20:00,00:00,04:00
20:00,09:00,17:00,01:00,04:00,17:00,19:00,22:00,03:00,04:00,08:00,12:00
12:00,01:00,09:00,17:00,20:00,09:00,11:00,14:00,19:00,20:00,00:00,04:00
12:00,01:00,09:00,17:00,20:00,09:00,11:00,14:00,19:00,20:00,00:00,04:00
14:00,03:00,11:00,19:00,22:00,11:00,13:00,16:00,21:00,22:00,02:00,06:00
20:00,09:00,17:00,01:00,04:00,17:00,19:00,22:00,03:00,04:00,08:00,12:00
18:00,07:00,15:00,23:00,02:00,15:00,17:00,20:00,01:00,02:00,06:00,10:00
13:00,02:00,10:00,18:00,21:00,10:00,12:00,15:00,20:00,21:00,01:00,05:00
13:00,02:00,10:00,18:00,21:00,10:00,12:00,15:00,20:00,21:00,01:00,05:00
14:00,03:00,11:00,19:00,22:00,11:00,13:00,16:00,21:00,22:00,02:00,06:00
12:00,01:00,09:00,17:00,20:00,09:00,11:00,14:00,19:00,20:00,00:00,04:00
10:00,23:00,07:00,15:00,18:00,07:00,09:00,12:00,17:00,18:00,22:00,02:00
12:00,01:00,09:00,17:00,20:00,09:00,11:00,14:00,19:00,20:00,00:00,04:00
16:00,05:00,13:00,21:00,00:00,13:00,15:00,18:00,23:00,00:00,04:00,08:00
18:00,07:00,15:00,23:00,02:00,15:00,17:00,20:00,01:00,02:00,06:00,10:00
12:00,01:00,09:00,17:00,20:00,09:00,11:00,14:00,19:00,20:00,00:00,04:00
18:00,07:00,15:00,23:00,02:00,15:00,17:00,20:00,01:00,02:00,06:00,10:00
16:00,05:00,13:00,21:00,00:00,13:00,15:00,18:00,23:00,00:00,04:00,08:00
17:00,06:00,14:00,22:00,01:00,14:00,16:00,19:00,00:00,01:00,05:00,09:00
18:00,07:00,15:00,23:00,02:00,15:00,17:00,20:00,01:00,02:00,06:00,10:00
19:00,08:00,16:00,00:00,03:00,16:00,18:00,21:00,02:00,03:00,07:00,11:00
20:00,09:00,17:00,01:00,04:00,17:00,19:00,22:00,03:00,04:00,08:00,12:00
21:00,10:00,18:00,02:00,05:00,18:00,20:00,23:00,04:00,05:00,09:00,13:00
16:00,05:00,13:00,21:00,00:00,13:00,15:00,18:00,23:00,00:00,04:00,08:00
17:00,06:00,14:00,22:00,01:00,14:00,16:00,19:00,00:00,01:00,05:00,09:00
18:00,07:00,15:00,23:00,02:00,15:00,17:00,20:00,01:00,02:00,06:00,10:00
19:00,08:00,16:00,00:00,03:00,16:00,18:00,21:00,02:00,03:00,07:00,11:00
20:00,09:00,17:00,01:00,04:00,17:00,19:00,22:00,03:00,04:00,08:00,12:00
17:00,06:00,14:00,22:00,01:00,14:00,16:00,19:00,00:00,01:00,05:00,09:00
20:00,09:00,17:00,01:00,04:00,17:00,19:00,22:00,03:00,04:00,08:00,12:00
17:00,06:00,14:00,22:00,01:00,14:00,16:00,19:00,00:00,01:00,05:00,09:00
18:00,07:00,15:00,23:00,02:00,15:00,17:00,20:00,01:00,02:00,06:00,10:00
19:00,08:00,16:00,00:00,03:00,16:00,18:00,21:00,02:00,03:00,07:00,11:00
20:00,09:00,17:00,01:00,04:00,17:00,19:00,22:00,03:00,04:00,08:00,12:00
17:00,06:00,14:00,22:00,01:00,14:00,16:00,19:00,00:00,01:00,05:00,09:00
18:00,07:00,15:00,23:00,02:00,15:00,17:00,20:00,01:00,02:00,06:00,10:00
19:00,08:00,16:00,00:00,03:00,16:00,18:00,21:00,02:00,03:00,07:00,11:00
20:00,09:00,17:00,01:00,04:00,17:00,19:00,22:00,03:00,04:00,08:00,12:00
17:00,06:00,14:00,22:00,01:00,14:00,16:00,19:00,00:00,01:00,05:00,09:00
20:00,09:00,17:00,01:00,04:00,17:00,19:00,22:00,03:00,04:00,08:00,12:00
16:00,05:00,13:00,21:00,00:00,13:00,15:00,18:00,23:00,00:00,04:00,08:00
16:00,05:00,13:00,21:00,00:00,13:00,15:00,18:00,23:00,00:00,04:00,08:00
17:25,06:25,14:25,22:25,01:25,14:25,16:25,19:25,00:25,01:25,05:25,09:25
18:00,07:00,15:00,23:00,02:00,15:00,17:00,20:00,01:00,02:00,06:00,10:00
11:00,00:00,08:00,16:00,19:00,08:00,10:00,13:00,18:00,19:00,23:00,03:00
17:25,06:25,14:25,22:25,01:25,14:25,16:25,19:25,00:25,01:25,05:25,09:25
18:55,07:55,15:55,23:55,02:55,15:55,17:55,20:55,01:55,02:55,06:55,10:55
11:25,00:25,08:25,16:25,19:25,08:25,10:25,13:25,18:25,19:25,23:25,03:25
17:25,06:25,14:25,22:25,01:25,14:25,16:25,19:25,00:25,01:25,05:25,09:25
18:55,07:55,15:55,23:55,02:55,15:55,17:55,20:55,01:55,02:55,06:55,10:55
17:25,06:25,14:25,22:25,01:25,14:25,16:25,19:25,00:25,01:25,05:25,09:25
18:55,07:55,15:55,23:55,02:55,15:55,17:55,20:55,01:55,02:55,06:55,10:55
17:00,06:00,14:00,22:00,01:00,14:00,16:00,19:00,00:00,01:00,05:00,09:00
18:00,07:00,15:00,23:00,02:00,15:00,17:00,20:00,01:00,02:00,06:00,10:00
19:00,08:00,16:00,00:00,03:00,16:00,18:00,21:00,02:00,03:00,07:00,11:00
17:00,06:00,14:00,22:00,01:00,14:00,16:00,19:00,00:00,01:00,05:00,09:00
18:00,07:00,15:00,23:00,02:00,15:00,17:00,20:00,01:00,02:00,06:00,10:00
19:00,08:00,16:00,00:00,03:00,16:00,18:00,21:00,02:00,03:00,07:00,11:00
17:00,06:00,14:00,22:00,01:00,14:00,16:00,19:00,00:00,01:00,05:00,09:00
18:00,07:00,15:00,23:00,02:00,15:00,17:00,20:00,01:00,02:00,06:00,10:00
19:00,08:00,16:00,00:00,03:00,16:00,18:00,21:00,02:00,03:00,07:00,11:00
12:00,01:00,09:00,17:00,20:00,09:00,11:00,14:00,19:00,20:00,00:00,04:00
12:00,01:00,09:00,17:00,20:00,09:00,11:00,14:00,19:00,20:00,00:00,04:00
16:00,05:00,13:00,21:00,00:00,13:00,15:00,18:00,23:00,00:00,04:00,08:00
12:00,01:00,09:00,17:00,20:00,09:00,11:00,14:00,19:00,20:00,00:00,04:00
12:00,01:00,09:00,17:00,20:00,09:00,11:00,14:00,19:00,20:00,00:00,04:00
18:00,07:00,15:00,23:00,02:00,15:00,17:00,20:00,01:00,02:00,06:00,10:00
20:00,09:00,17:00,01:00,04:00,17:00,19:00,22:00,03:00,04:00,08:00,12:00
16:00,05:00,13:00,21:00,00:00,13:00,15:00,18:00,23:00,00:00,04:00,08:00
14:00,03:00,11:00,19:00,22:00,11:00,13:00,16:00,21:00,22:00,02:00,06:00
16:00,05:00,13:00,21:00,00:00,13:00,15:00,18:00,23:00,00:00,04:00,08:00
12:00,01:00,09:00,17:00,20:00,09:00,11:00,14:00,19:00,20:00,00:00,04:00
16:00,05:00,13:00,21:00,00:00,13:00,15:00,18:00,23:00,00:00,04:00,08:00
12:00,01:00,09:00,17:00,20:00,09:00,11:00,14:00,19:00,20:00,00:00,04:00
14:00,03:00,11:00,19:00,22:00,11:00,13:00,16:00,21:00,22:00,02:00,06:00
18:00,07:00,15:00,23:00,02:00,15:00,17:00,20:00,01:00,02:00,06:00,10:00
18:00,07:00,15:00,23:00,02:00,15:00,17:00,20:00,01:00,02:00,06:00,10:00
18:00,07:00,15:00,23:00,02:00,15:00,17:00,20:00,01:00,02:00,06:00,10:00
14:00,03:00,11:00,19:00,22:00,11:00,13:00,16:00,21:00,22:00,02:00,06:00
18:00,07:00,15:00,23:00,02:00,15:00,17:00,20:00,01:00,02:00,06:00,10:00
12:00,01:00,09:00,17:00,20:00,09:00,11:00,14:00,19:00,20:00,00:00,04:00
14:00,03:00,11:00,19:00,22:00,11:00,13:00,16:00,21:00,22:00,02:00,06:00
20:00,09:00,17:00,01:00,04:00,17:00,19:00,22:00,03:00,04:00,08:00,12:00
20:00,09:00,17:00,01:00,04:00,17:00,19:00,22:00,03:00,04:00,08:00,12:00
10:00,23:00,07:00,15:00,18:00,07:00,09:00,12:00,17:00,18:00,22:00,02:00
14:00,03:00,11:00,19:00,22:00,11:00,13:00,16:00,21:00,22:00,02:00,06:00
14:00,03:00,11:00,19:00,22:00,11:00,13:00,16:00,21:00,22:00,02:00,06:00
20:00,09:00,17:00,01:00,04:00,17:00,19:00,22:00,03:00,04:00,08:00,12:00
20:00,09:00,17:00,01:00,04:00,17:00,19:00,22:00,03:00,04:00,08:00,12:00
14:00,03:00,11:00,19:00,22:00,11:00,13:00,16:00,21:00,22:00,02:00,06:00
14:00,03:00,11:00,19:00,22:00,11:00,13:00,16:00,21:00,22:00,02:00,06:00
16:00,05:00,13:00,21:00,00:00,13:00,15:00,18:00,23:00,00:00,04:00,08:00
16:00,05:00,13:00,21:00,00:00,13:00,15:00,18:00,23:00,00:00,04:00,08:00
18:00,07:00,15:00,23:00,02:00,15:00,17:00,20:00,01:00,02:00,06:00,10:00
18:00,07:00,15:00,23:00,02:00,15:00,17:00,20:00,01:00,02:00,06:00,10:00
22:00,11:00,19:00,03:00,06:00,19:00,21:00,00:00,05:00,06:00,10:00,14:00
14:00,03:00,11:00,19:00,22:00,11:00,13:00,16:00,21:00,22:00,02:00,06:00
18:00,07:00,15:00,23:00,02:00,15:00,17:00,20:00,01:00,02:00,06:00,10:00
20:00,09:00,17:00,01:00,04:00,17:00,19:00,22:00,03:00,04:00,08:00,12:00
16:00,05:00,13:00,21:00,00:00,13:00,15:00,18:00,23:00,00:00,04:00,08:00
16:00,05:00,13:00,21:00,00:00,13:00,15:00,18:00,23:00,00:00,04:00,08:00
16:00,05:00,13:00,21:00,00:00,13:00,15:00,18:00,23:00,00:00,04:00,08:00
14:25,03:25,11:25,19:25,22:25,11:25,13:25,16:25,21:25,22:25,02:25,06:25
18:30,07:30,15:30,23:30,02:30,15:30,17:30,20:30,01:30,02:30,06:30,10:30
18:30,07:30,15:30,23:30,02:30,15:30,17:30,20:30,01:30,02:30,06:30,10:30
20:00,09:00,17:00,01:00,04:00,17:00,19:00,22:00,03:00,04:00,08:00,12:00
12:00,01:00,09:00,17:00,20:00,09:00,11:00,14:00,19:00,20:00,00:00,04:00
20:00,09:00,17:00,01:00,04:00,17:00,19:00,22:00,03:00,04:00,08:00,12:00
18:00,07:00,15:00,23:00,02:00,15:00,17:00,20:00,01:00,02:00,06:00,10:00
18:00,07:00,15:00,23:00,02:00,15:00,17:00,20:00,01:00,02:00,06:00,10:00
14:00,03:00,11:00,19:00,22:00,11:00,13:00,16:00,21:00,22:00,02:00,06:00
14:00,03:00,11:00,19:00,22:00,11:00,13:00,16:00,21:00,22:00,02:00,06:00
16:00,05:00,13:00,21:00,00:00,13:00,15:00,18:00,23:00,00:00,04:00,08:00
12:00,01:00,09:00,17:00,20:00,09:00,11:00,14:00,19:00,20:00,00:00,04:00
16:00,05:00,13:00,21:00,00:00,13:00,15:00,18:00,23:00,00:00,04:00,08:00
11:55,00:55,08:55,16:55,19:55,08:55,10:55,13:55,18:55,19:55,23:55,03:55
12:00,01:00,09:00,17:00,20:00,09:00,11:00,14:00,19:00,20:00,00:00,04:00
14:00,03:00,11:00,19:00,22:00,11:00,13:00,16:00,21:00,22:00,02:00,06:00
19:00,08:00,16:00,00:00,03:00,16:00,18:00,21:00,02:00,03:00,07:00,11:00
16:00,05:00,13:00,21:00,00:00,13:00,15:00,18:00,23:00,00:00,04:00,08:00
12:50,01:50,09:50,17:50,20:50,09:50,11:50,14:50,19:50,20:50,00:50,04:50
12:00,01:00,09:00,17:00,20:00,09:00,11:00,14:00,19:00,20:00,00:00,04:00
12:00,01:00,09:00,17:00,20:00,09:00,11:00,14:00,19:00,20:00,00:00,04:00
20:00,09:00,17:00,01:00,04:00,17:00,19:00,22:00,03:00,04:00,08:00,12:00
15:55,04:55,12:55,20:55,23:55,12:55,14:55,17:55,22:55,23:55,03:55,07:55
12:00,01:00,09:00,17:00,20:00,09:00,11:00,14:00,19:00,20:00,00:00,04:00
14:00,03:00,11:00,19:00,22:00,11:00,13:00,16:00,21:00,22:00,02:00,06:00
14:00,03:00,11:00,19:00,22:00,11:00,13:00,16:00,21:00,22:00,02:00,06:00
12:00,01:00,09:00,17:00,20:00,09:00,11:00,14:00,19:00,20:00,00:00,04:00
10:00,23:00,07:00,15:00,18:00,07:00,09:00,12:00,17:00,18:00,22:00,02:00
18:00,07:00,15:00,23:00,02:00,15:00,17:00,20:00,01:00,02:00,06:00,10:00
14:00,03:00,11:00,19:00,22:00,11:00,13:00,16:00,21:00,22:00,02:00,06:00
18:00,07:00,15:00,23:00,02:00,15:00,17:00,20:00,01:00,02:00,06:00,10:00
16:00,05:00,13:00,21:00,00:00,13:00,15:00,18:00,23:00,00:00,04:00,08:00
16:00,05:00,13:00,21:00,00:00,13:00,15:00,18:00,23:00,00:00,04:00,08:00
12:50,01:50,09:50,17:50,20:50,09:50,11:50,14:50,19:50,20:50,00:50,04:50
16:40,05:40,13:40,21:40,00:40,13:40,15:40,18:40,23:40,00:40,04:40,08:40
12:00,01:00,09:00,17:00,20:00,09:00,11:00,14:00,19:00,20:00,00:00,04:00
12:00,01:00,09:00,17:00,20:00,09:00,11:00,14:00,19:00,20:00,00:00,04:00
16:00,05:00,13:00,21:00,00:00,13:00,15:00,18:00,23:00,00:00,04:00,08:00
15:00,04:00,12:00,20:00,23:00,12:00,14:00,17:00,22:00,23:00,03:00,07:00
16:00,05:00,13:00,21:00,00:00,13:00,15:00,18:00,23:00,00:00,04:00,08:00
12:00,01:00,09:00,17:00,20:00,09:00,11:00,14:00,19:00,20:00,00:00,04:00
12:00,01:00,09:00,17:00,20:00,09:00,11:00,14:00,19:00,20:00,00:00,04:00
12:00,01:00,09:00,17:00,20:00,09:00,11:00,14:00,19:00,20:00,00:00,04:00
12:00,01:00,09:00,17:00,20:00,09:00,11:00,14:00,19:00,20:00,00:00,04:00
20:00,09:00,17:00,01:00,04:00,17:00,19:00,22:00,03:00,04:00,08:00,12:00
16:00,05:00,13:00,21:00,00:00,13:00,15:00,18:00,23:00,00:00,04:00,08:00
12:00,01:00,09:00,17:00,20:00,09:00,11:00,14:00,19:00,20:00,00:00,04:00
18:00,07:00,15:00,23:00,02:00,15:00,17:00,20:00,01:00,02:00,06:00,10:00
16:00,05:00,13:00,21:00,00:00,13:00,15:00,18:00,23:00,00:00,04:00,08:00
16:00,05:00,13:00,21:00,00:00,13:00,15:00,18:00,23:00,00:00,04:00,08:00
16:00,05:00,13:00,21:00,00:00,13:00,15:00,18:00,23:00,00:00,04:00,08:00
20:00,09:00,17:00,01:00,04:00,17:00,19:00,22:00,03:00,04:00,08:00,12:00
12:50,01:50,09:50,17:50,20:50,09:50,11:50,14:50,19:50,20:50,00:50,04:50
10:50,23:50,07:50,15:50,18:50,07:50,09:50,12:50,17:50,18:50,22:50,02:50
16:00,05:00,13:00,21:00,00:00,13:00,15:00,18:00,23:00,00:00,04:00,08:00
12:50,01:50,09:50,17:50,20:50,09:50,11:50,14:50,19:50,20:50,00:50,04:50
12:50,01:50,09:50,17:50,20:50,09:50,11:50,14:50,19:50,20:50,00:50,04:50
12:50,01:50,09:50,17:50,20:50,09:50,11:50,14:50,19:50,20:50,00:50,04:50
10:50,23:50,07:50,15:50,18:50,07:50,09:50,12:50,17:50,18:50,22:50,02:50
16:00,05:00,13:00,21:00,00:00,13:00,15:00,18:00,23:00,00:00,04:00,08:00
09:55,22:55,06:55,14:55,17:55,06:55,08:55,11:55,16:55,17:55,21:55,01:55
11:15,00:15,08:15,16:15,19:15,08:15,10:15,13:15,18:15,19:15,23:15,03:15
14:15,03:15,11:15,19:15,22:15,11:15,13:15,16:15,21:15,22:15,02:15,06:15
11:05,00:05,08:05,16:05,19:05,08:05,10:05,13:05,18:05,19:05,23:05,03:05
17:15,06:15,14:15,22:15,01:15,14:15,16:15,19:15,00:15,01:15,05:15,09:15
13:25,02:25,10:25,18:25,21:25,10:25,12:25,15:25,20:25,21:25,01:25,05:25
18:00,07:00,15:00,23:00,02:00,15:00,17:00,20:00,01:00,02:00,06:00,10:00
15:55,04:55,12:55,20:55,23:55,12:55,14:55,17:55,22:55,23:55,03:55,07:55
11:15,00:15,08:15,16:15,19:15,08:15,10:15,13:15,18:15,19:15,23:15,03:15
12:45,01:45,09:45,17:45,20:45,09:45,11:45,14:45,19:45,20:45,00:45,04:45
14:15,03:15,11:15,19:15,22:15,11:15,13:15,16:15,21:15,22:15,02:15,06:15
17:15,06:15,14:15,22:15,01:15,14:15,16:15,19:15,00:15,01:15,05:15,09:15
15:45,04:45,12:45,20:45,23:45,12:45,14:45,17:45,22:45,23:45,03:45,07:45
14:25,03:25,11:25,19:25,22:25,11:25,13:25,16:25,21:25,22:25,02:25,06:25
11:15,00:15,08:15,16:15,19:15,08:15,10:15,13:15,18:15,19:15,23:15,03:15
11:25,00:25,08:25,16:25,19:25,08:25,10:25,13:25,18:25,19:25,23:25,03:25
11:50,00:50,08:50,16:50,19:50,08:50,10:50,13:50,18:50,19:50,23:50,03:50
09:50,22:50,06:50,14:50,17:50,06:50,08:50,11:50,16:50,17:50,21:50,01:50
15:55,04:55,12:55,20:55,23:55,12:55,14:55,17:55,22:55,23:55,03:55,07:55
12:00,01:00,09:00,17:00,20:00,09:00,11:00,14:00,19:00,20:00,00:00,04:00
13:00,02:00,10:00,18:00,21:00,10:00,12:00,15:00,20:00,21:00,01:00,05:00
18:00,07:00,15:00,23:00,02:00,15:00,17:00,20:00,01:00,02:00,06:00,10:00
14:25,03:25,11:25,19:25,22:25,11:25,13:25,16:25,21:25,22:25,02:25,06:25
11:25,00:25,08:25,16:25,19:25,08:25,10:25,13:25,18:25,19:25,23:25,03:25
11:25,00:25,08:25,16:25,19:25,08:25,10:25,13:25,18:25,19:25,23:25,03:25
17:25,06:25,14:25,22:25,01:25,14:25,16:25,19:25,00:25,01:25,05:25,09:25
12:45,01:45,09:45,17:45,20:45,09:45,11:45,14:45,19:45,20:45,00:45,04:45
12:45,01:45,09:45,17:45,20:45,09:45,11:45,14:45,19:45,20:45,00:45,04:45
12:45,01:45,09:45,17:45,20:45,09:45,11:45,14:45,19:45,20:45,00:45,04:45
14:15,03:15,11:15,19:15,22:15,11:15,13:15,16:15,21:15,22:15,02:15,06:15
15:45,04:45,12:45,20:45,23:45,12:45,14:45,17:45,22:45,23:45,03:45,07:45
17:15,06:15,14:15,22:15,01:15,14:15,16:15,19:15,00:15,01:15,05:15,09:15
11:15,00:15,08:15,16:15,19:15,08:15,10:15,13:15,18:15,19:15,23:15,03:15
12:45,01:45,09:45,17:45,20:45,09:45,11:45,14:45,19:45,20:45,00:45,04:45
14:15,03:15,11:15,19:15,22:15,11:15,13:15,16:15,21:15,22:15,02:15,06:15
15:45,04:45,12:45,20:45,23:45,12:45,14:45,17:45,22:45,23:45,03:45,07:45
17:15,06:15,14:15,22:15,01:15,14:15,16:15,19:15,00:15,01:15,05:15,09:15
15:45,04:45,12:45,20:45,23:45,12:45,14:45,17:45,22:45,23:45,03:45,07:45
15:45,04:45,12:45,20:45,23:45,12:45,14:45,17:45,22:45,23:45,03:45,07:45
12:45,01:45,09:45,17:45,20:45,09:45,11:45,14:45,19:45,20:45,00:45,04:45
12:45,01:45,09:45,17:45,20:45,09:45,11:45,14:45,19:45,20:45,00:45,04:45
09:55,22:55,06:55,14:55,17:55,06:55,08:55,11:55,16:55,17:55,21:55,01:55
12:45,01:45,09:45,17:45,20:45,09:45,11:45,14:45,19:45,20:45,00:45,04:45
15:45,04:45,12:45,20:45,23:45,12:45,14:45,17:45,22:45,23:45,03:45,07:45
14:15,03:15,11:15,19:15,22:15,11:15,13:15,16:15,21:15,22:15,02:15,06:15
11:15,00:15,08:15,16:15,19:15,08:15,10:15,13:15,18:15,19:15,23:15,03:15
12:45,01:45,09:45,17:45,20:45,09:45,11:45,14:45,19:45,20:45,00:45,04:45
15:45,04:45,12:45,20:45,23:45,12:45,14:45,17:45,22:45,23:45,03:45,07:45
17:15,06:15,14:15,22:15,01:15,14:15,16:15,19:15,00:15,01:15,05:15,09:15
11:15,00:15,08:15,16:15,19:15,08:15,10:15,13:15,18:15,19:15,23:15,03:15
12:45,01:45,09:45,17:45,20:45,09:45,11:45,14:45,19:45,20:45,00:45,04:45
14:15,03:15,11:15,19:15,22:15,11:15,13:15,16:15,21:15,22:15,02:15,06:15
17:15,06:15,14:15,22:15,01:15,14:15,16:15,19:15,00:15,01:15,05:15,09:15
09:55,22:55,06:55,14:55,17:55,06:55,08:55,11:55,16:55,17:55,21:55,01:55
11:15,00:15,08:15,16:15,19:15,08:15,10:15,13:15,18:15,19:15,23:15,03:15
12:45,01:45,09:45,17:45,20:45,09:45,11:45,14:45,19:45,20:45,00:45,04:45
14:15,03:15,11:15,19:15,22:15,11:15,13:15,16:15,21:15,22:15,02:15,06:15
15:45,04:45,12:45,20:45,23:45,12:45,14:45,17:45,22:45,23:45,03:45,07:45
17:15,06:15,14:15,22:15,01:15,14:15,16:15,19:15,00:15,01:15,05:15,09:15
09:55,22:55,06:55,14:55,17:55,06:55,08:55,11:55,16:55,17:55,21:55,01:55
16:00,05:00,13:00,21:00,00:00,13:00,15:00,18:00,23:00,00:00,04:00,08:00
18:00,07:00,15:00,23:00,02:00,15:00,17:00,20:00,01:00,02:00,06:00,10:00
16:00,05:00,13:00,21:00,00:00,13:00,15:00,18:00,23:00,00:00,04:00,08:00
09:55,22:55,06:55,14:55,17:55,06:55,08:55,11:55,16:55,17:55,21:55,01:55
09:55,22:55,06:55,14:55,17:55,06:55,08:55,11:55,16:55,17:55,21:55,01:55
12:45,01:45,09:45,17:45,20:45,09:45,11:45,14:45,19:45,20:45,00:45,04:45
12:45,01:45,09:45,17:45,20:45,09:45,11:45,14:45,19:45,20:45,00:45,04:45
16:00,05:00,13:00,21:00,00:00,13:00,15:00,18:00,23:00,00:00,04:00,08:00
16:00,05:00,13:00,21:00,00:00,13:00,15:00,18:00,23:00,00:00,04:00,08:00
14:00,03:00,11:00,19:00,22:00,11:00,13:00,16:00,21:00,22:00,02:00,06:00
12:00,01:00,09:00,17:00,20:00,09:00,11:00,14:00,19:00,20:00,00:00,04:00
16:00,05:00,13:00,21:00,00:00,13:00,15:00,18:00,23:00,00:00,04:00,08:00
12:00,01:00,09:00,17:00,20:00,09:00,11:00,14:00,19:00,20:00,00:00,04:00
16:00,05:00,13:00,21:00,00:00,13:00,15:00,18:00,23:00,00:00,04:00,08:00
20:00,09:00,17:00,01:00,04:00,17:00,19:00,22:00,03:00,04:00,08:00,12:00
11:25,00:25,08:25,16:25,19:25,08:25,10:25,13:25,18:25,19:25,23:25,03:25
11:50,00:50,08:50,16:50,19:50,08:50,10:50,13:50,18:50,19:50,23:50,03:50
12:25,01:25,09:25,17:25,20:25,09:25,11:25,14:25,19:25,20:25,00:25,04:25
11:25,00:25,08:25,16:25,19:25,08:25,10:25,13:25,18:25,19:25,23:25,03:25
12:00,01:00,09:00,17:00,20:00,09:00,11:00,14:00,19:00,20:00,00:00,04:00
18:00,07:00,15:00,23:00,02:00,15:00,17:00,20:00,01:00,02:00,06:00,10:00
12:00,01:00,09:00,17:00,20:00,09:00,11:00,14:00,19:00,20:00,00:00,04:00
12:00,01:00,09:00,17:00,20:00,09:00,11:00,14:00,19:00,20:00,00:00,04:00
12:00,01:00,09:00,17:00,20:00,09:00,11:00,14:00,19:00,20:00,00:00,04:00
18:00,07:00,15:00,23:00,02:00,15:00,17:00,20:00,01:00,02:00,06:00,10:00
16:00,05:00,13:00,21:00,00:00,13:00,15:00,18:00,23:00,00:00,04:00,08:00
16:00,05:00,13:00,21:00,00:00,13:00,15:00,18:00,23:00,00:00,04:00,08:00
14:00,03:00,11:00,19:00,22:00,11:00,13:00,16:00,21:00,22:00,02:00,06:00
18:00,07:00,15:00,23:00,02:00,15:00,17:00,20:00,01:00,02:00,06:00,10:00
18:00,07:00,15:00,23:00,02:00,15:00,17:00,20:00,01:00,02:00,06:00,10:00
12:00,01:00,09:00,17:00,20:00,09:00,11:00,14:00,19:00,20:00,00:00,04:00
14:00,03:00,11:00,19:00,22:00,11:00,13:00,16:00,21:00,22:00,02:00,06:00
16:00,05:00,13:00,21:00,00:00,13:00,15:00,18:00,23:00,00:00,04:00,08:00
14:00,03:00,11:00,19:00,22:00,11:00,13:00,16:00,21:00,22:00,02:00,06:00
14:00,03:00,11:00,19:00,22:00,11:00,13:00,16:00,21:00,22:00,02:00,06:00
18:00,07:00,15:00,23:00,02:00,15:00,17:00,20:00,01:00,02:00,06:00,10:00
16:00,05:00,13:00,21:00,00:00,13:00,15:00,18:00,23:00,00:00,04:00,08:00
10:00,23:00,07:00,15:00,18:00,07:00,09:00,12:00,17:00,18:00,22:00,02:00
16:00,05:00,13:00,21:00,00:00,13:00,15:00,18:00,23:00,00:00,04:00,08:00
12:00,01:00,09:00,17:00,20:00,09:00,11:00,14:00,19:00,20:00,00:00,04:00
12:00,01:00,09:00,17:00,20:00,09:00,11:00,14:00,19:00,20:00,00:00,04:00
18:00,07:00,15:00,23:00,02:00,15:00,17:00,20:00,01:00,02:00,06:00,10:00
18:00,07:00,15:00,23:00,02:00,15:00,17:00,20:00,01:00,02:00,06:00,10:00
12:00,01:00,09:00,17:00,20:00,09:00,11:00,14:00,19:00,20:00,00:00,04:00
14:00,03:00,11:00,19:00,22:00,11:00,13:00,16:00,21:00,22:00,02:00,06:00
18:00,07:00,15:00,23:00,02:00,15:00,17:00,20:00,01:00,02:00,06:00,10:00
14:00,03:00,11:00,19:00,22:00,11:00,13:00,16:00,21:00,22:00,02:00,06:00
20:00,09:00,17:00,01:00,04:00,17:00,19:00,22:00,03:00,04:00,08:00,12:00
12:00,01:00,09:00,17:00,20:00,09:00,11:00,14:00,19:00,20:00,00:00,04:00
16:00,05:00,13:00,21:00,00:00,13:00,15:00,18:00,23:00,00:00,04:00,08:00
16:00,05:00,13:00,21:00,00:00,13:00,15:00,18:00,23:00,00:00,04:00,08:00
18:00,07:00,15:00,23:00,02:00,15:00,17:00,20:00,01:00,02:00,06:00,10:00
18:00,07:00,15:00,23:00,02:00,15:00,17:00,20:00,01:00,02:00,06:00,10:00
18:00,07:00,15:00,23:00,02:00,15:00,17:00,20:00,01:00,02:00,06:00,10:00
18:00,07:00,15:00,23:00,02:00,15:00,17:00,20:00,01:00,02:00,06:00,10:00
18:00,07:00,15:00,23:00,02:00,15:00,17:00,20:00,01:00,02:00,06:00,10:00
09:55,22:55,06:55,14:55,17:55,06:55,08:55,11:55,16:55,17:55,21:55,01:55
11:25,00:25,08:25,16:25,19:25,08:25,10:25,13:25,18:25,19:25,23:25,03:25
17:25,06:25,14:25,22:25,01:25,14:25,16:25,19:25,00:25,01:25,05:25,09:25
12:55,01:55,09:55,17:55,20:55,09:55,11:55,14:55,19:55,20:55,00:55,04:55
11:25,00:25,08:25,16:25,19:25,08:25,10:25,13:25,18:25,19:25,23:25,03:25
11:25,00:25,08:25,16:25,19:25,08:25,10:25,13:25,18:25,19:25,23:25,03:25
12:55,01:55,09:55,17:55,20:55,09:55,11:55,14:55,19:55,20:55,00:55,04:55
11:25,00:25,08:25,16:25,19:25,08:25,10:25,13:25,18:25,19:25,23:25,03:25
14:25,03:25,11:25,19:25,22:25,11:25,13:25,16:25,21:25,22:25,02:25,06:25
11:25,00:25,08:25,16:25,19:25,08:25,10:25,13:25,18:25,19:25,23:25,03:25
12:45,01:45,09:45,17:45,20:45,09:45,11:45,14:45,19:45,20:45,00:45,04:45
14:15,03:15,11:15,19:15,22:15,11:15,13:15,16:15,21:15,22:15,02:15,06:15
09:55,22:55,06:55,14:55,17:55,06:55,08:55,11:55,16:55,17:55,21:55,01:55
11:15,00:15,08:15,16:15,19:15,08:15,10:15,13:15,18:15,19:15,23:15,03:15
14:15,03:15,11:15,19:15,22:15,11:15,13:15,16:15,21:15,22:15,02:15,06:15
19:15,08:15,16:15,00:15,03:15,16:15,18:15,21:15,02:15,03:15,07:15,11:15
12:55,01:55,09:55,17:55,20:55,09:55,11:55,14:55,19:55,20:55,00:55,04:55
12:55,01:55,09:55,17:55,20:55,09:55,11:55,14:55,19:55,20:55,00:55,04:55
11:25,00:25,08:25,16:25,19:25,08:25,10:25,13:25,18:25,19:25,23:25,03:25
11:25,00:25,08:25,16:25,19:25,08:25,10:25,13:25,18:25,19:25,23:25,03:25
18:00,07:00,15:00,23:00,02:00,15:00,17:00,20:00,01:00,02:00,06:00,10:00
15:55,04:55,12:55,20:55,23:55,12:55,14:55,17:55,22:55,23:55,03:55,07:55
11:25,00:25,08:25,16:25,19:25,08:25,10:25,13:25,18:25,19:25,23:25,03:25
18:00,07:00,15:00,23:00,02:00,15:00,17:00,20:00,01:00,02:00,06:00,10:00
18:00,07:00,15:00,23:00,02:00,15:00,17:00,20:00,01:00,02:00,06:00,10:00
18:00,07:00,15:00,23:00,02:00,15:00,17:00,20:00,01:00,02:00,06:00,10:00
19:00,08:00,16:00,00:00,03:00,16:00,18:00,21:00,02:00,03:00,07:00,11:00
12:00,01:00,09:00,17:00,20:00,09:00,11:00,14:00,19:00,20:00,00:00,04:00
19:00,08:00,16:00,00:00,03:00,16:00,18:00,21:00,02:00,03:00,07:00,11:00
12:00,01:00,09:00,17:00,20:00,09:00,11:00,14:00,19:00,20:00,00:00,04:00
20:00,09:00,17:00,01:00,04:00,17:00,19:00,22:00,03:00,04:00,08:00,12:00
17:25,06:25,14:25,22:25,01:25,14:25,16:25,19:25,00:25,01:25,05:25,09:25
16:00,05:00,13:00,21:00,00:00,13:00,15:00,18:00,23:00,00:00,04:00,08:00
11:25,00:25,08:25,16:25,19:25,08:25,10:25,13:25,18:25,19:25,23:25,03:25
14:25,03:25,11:25,19:25,22:25,11:25,13:25,16:25,21:25,22:25,02:25,06:25
20:00,09:00,17:00,01:00,04:00,17:00,19:00,22:00,03:00,04:00,08:00,12:00
15:55,04:55,12:55,20:55,23:55,12:55,14:55,17:55,22:55,23:55,03:55,07:55
15:50,04:50,12:50,20:50,23:50,12:50,14:50,17:50,22:50,23:50,03:50,07:50
18:00,07:00,15:00,23:00,02:00,15:00,17:00,20:00,01:00,02:00,06:00,10:00
18:00,07:00,15:00,23:00,02:00,15:00,17:00,20:00,01:00,02:00,06:00,10:00
12:50,01:50,09:50,17:50,20:50,09:50,11:50,14:50,19:50,20:50,00:50,04:50
12:50,01:50,09:50,17:50,20:50,09:50,11:50,14:50,19:50,20:50,00:50,04:50
16:00,05:00,13:00,21:00,00:00,13:00,15:00,18:00,23:00,00:00,04:00,08:00
12:00,01:00,09:00,17:00,20:00,09:00,11:00,14:00,19:00,20:00,00:00,04:00
21:00,10:00,18:00,02:00,05:00,18:00,20:00,23:00,04:00,05:00,09:00,13:00
13:00,02:00,10:00,18:00,21:00,10:00,12:00,15:00,20:00,21:00,01:00,05:00
13:00,02:00,10:00,18:00,21:00,10:00,12:00,15:00,20:00,21:00,01:00,05:00
20:00,09:00,17:00,01:00,04:00,17:00,19:00,22:00,03:00,04:00,08:00,12:00
21:00,10:00,18:00,02:00,05:00,18:00,20:00,23:00,04:00,05:00,09:00,13:00
11:00,00:00,08:00,16:00,19:00,08:00,10:00,13:00,18:00,19:00,23:00,03:00
21:00,10:00,18:00,02:00,05:00,18:00,20:00,23:00,04:00,05:00,09:00,13:00
13:00,02:00,10:00,18:00,21:00,10:00,12:00,15:00,20:00,21:00,01:00,05:00
13:00,02:00,10:00,18:00,21:00,10:00,12:00,15:00,20:00,21:00,01:00,05:00
21:00,10:00,18:00,02:00,05:00,18:00,20:00,23:00,04:00,05:00,09:00,13:00
13:00,02:00,10:00,18:00,21:00,10:00,12:00,15:00,20:00,21:00,01:00,05:00
21:00,10:00,18:00,02:00,05:00,18:00,20:00,23:00,04:00,05:00,09:00,13:00
11:00,00:00,08:00,16:00,19:00,08:00,10:00,13:00,18:00,19:00,23:00,03:00
19:30,08:30,16:30,00:30,03:30,16:30,18:30,21:30,02:30,03:30,07:30,11:30
11:00,00:00,08:00,16:00,19:00,08:00,10:00,13:00,18:00,19:00,23:00,03:00
21:00,10:00,18:00,02:00,05:00,18:00,20:00,23:00,04:00,05:00,09:00,13:00
21:00,10:00,18:00,02:00,05:00,18:00,20:00,23:00,04:00,05:00,09:00,13:00
13:00,02:00,10:00,18:00,21:00,10:00,12:00,15:00,20:00,21:00,01:00,05:00
21:00,10:00,18:00,02:00,05:00,18:00,20:00,23:00,04:00,05:00,09:00,13:00
13:00,02:00,10:00,18:00,21:00,10:00,12:00,15:00,20:00,21:00,01:00,05:00
13:00,02:00,10:00,18:00,21:00,10:00,12:00,15:00,20:00,21:00,01:00,05:00
17:00,06:00,14:00,22:00,01:00,14:00,16:00,19:00,00:00,01:00,05:00,09:00
13:00,02:00,10:00,18:00,21:00,10:00,12:00,15:00,20:00,21:00,01:00,05:00
13:00,02:00,10:00,18:00,21:00,10:00,12:00,15:00,20:00,21:00,01:00,05:00
11:00,00:00,08:00,16:00,19:00,08:00,10:00,13:00,18:00,19:00,23:00,03:00
19:00,08:00,16:00,00:00,03:00,16:00,18:00,21:00,02:00,03:00,07:00,11:00
15:00,04:00,12:00,20:00,23:00,12:00,14:00,17:00,22:00,23:00,03:00,07:00
11:00,00:00,08:00,16:00,19:00,08:00,10:00,13:00,18:00,19:00,23:00,03:00
16:00,05:00,13:00,21:00,00:00,13:00,15:00,18:00,23:00,00:00,04:00,08:00
14:00,03:00,11:00,19:00,22:00,11:00,13:00,16:00,21:00,22:00,02:00,06:00
16:00,05:00,13:00,21:00,00:00,13:00,15:00,18:00,23:00,00:00,04:00,08:00
18:00,07:00,15:00,23:00,02:00,15:00,17:00,20:00,01:00,02:00,06:00,10:00
14:00,03:00,11:00,19:00,22:00,11:00,13:00,16:00,21:00,22:00,02:00,06:00
18:00,07:00,15:00,23:00,02:00,15:00,17:00,20:00,01:00,02:00,06:00,10:00
18:00,07:00,15:00,23:00,02:00,15:00,17:00,20:00,01:00,02:00,06:00,10:00
12:50,01:50,09:50,17:50,20:50,09:50,11:50,14:50,19:50,20:50,00:50,04:50
16:00,05:00,13:00,21:00,00:00,13:00,15:00,18:00,23:00,00:00,04:00,08:00
10:50,23:50,07:50,15:50,18:50,07:50,09:50,12:50,17:50,18:50,22:50,02:50
17:25,06:25,14:25,22:25,01:25,14:25,16:25,19:25,00:25,01:25,05:25,09:25
18:55,07:55,15:55,23:55,02:55,15:55,17:55,20:55,01:55,02:55,06:55,10:55
18:00,07:00,15:00,23:00,02:00,15:00,17:00,20:00,01:00,02:00,06:00,10:00
12:00,01:00,09:00,17:00,20:00,09:00,11:00,14:00,19:00,20:00,00:00,04:00
14:00,03:00,11:00,19:00,22:00,11:00,13:00,16:00,21:00,22:00,02:00,06:00
14:00,03:00,11:00,19:00,22:00,11:00,13:00,16:00,21:00,22:00,02:00,06:00
18:00,07:00,15:00,23:00,02:00,15:00,17:00,20:00,01:00,02:00,06:00,10:00
16:00,05:00,13:00,21:00,00:00,13:00,15:00,18:00,23:00,00:00,04:00,08:00
14:00,03:00,11:00,19:00,22:00,11:00,13:00,16:00,21:00,22:00,02:00,06:00
14:00,03:00,11:00,19:00,22:00,11:00,13:00,16:00,21:00,22:00,02:00,06:00
10:00,23:00,07:00,15:00,18:00,07:00,09:00,12:00,17:00,18:00,22:00,02:00
18:00,07:00,15:00,23:00,02:00,15:00,17:00,20:00,01:00,02:00,06:00,10:00
14:00,03:00,11:00,19:00,22:00,11:00,13:00,16:00,21:00,22:00,02:00,06:00
18:00,07:00,15:00,23:00,02:00,15:00,17:00,20:00,01:00,02:00,06:00,10:00
18:00,07:00,15:00,23:00,02:00,15:00,17:00,20:00,01:00,02:00,06:00,10:00
12:00,01:00,09:00,17:00,20:00,09:00,11:00,14:00,19:00,20:00,00:00,04:00
12:00,01:00,09:00,17:00,20:00,09:00,11:00,14:00,19:00,20:00,00:00,04:00
18:00,07:00,15:00,23:00,02:00,15:00,17:00,20:00,01:00,02:00,06:00,10:00
18:00,07:00,15:00,23:00,02:00,15:00,17:00,20:00,01:00,02:00,06:00,10:00
16:00,05:00,13:00,21:00,00:00,13:00,15:00,18:00,23:00,00:00,04:00,08:00
12:00,01:00,09:00,17:00,20:00,09:00,11:00,14:00,19:00,20:00,00:00,04:00
17:25,06:25,14:25,22:25,01:25,14:25,16:25,19:25,00:25,01:25,05:25,09:25
10:00,23:00,07:00,15:00,18:00,07:00,09:00,12:00,17:00,18:00,22:00,02:00
16:00,05:00,13:00,21:00,00:00,13:00,15:00,18:00,23:00,00:00,04:00,08:00
18:00,07:00,15:00,23:00,02:00,15:00,17:00,20:00,01:00,02:00,06:00,10:00
20:00,09:00,17:00,01:00,04:00,17:00,19:00,22:00,03:00,04:00,08:00,12:00
14:00,03:00,11:00,19:00,22:00,11:00,13:00,16:00,21:00,22:00,02:00,06:00
12:00,01:00,09:00,17:00,20:00,09:00,11:00,14:00,19:00,20:00,00:00,04:00
16:00,05:00,13:00,21:00,00:00,13:00,15:00,18:00,23:00,00:00,04:00,08:00
18:00,07:00,15:00,23:00,02:00,15:00,17:00,20:00,01:00,02:00,06:00,10:00
16:00,05:00,13:00,21:00,00:00,13:00,15:00,18:00,23:00,00:00,04:00,08:00
14:00,03:00,11:00,19:00,22:00,11:00,13:00,16:00,21:00,22:00,02:00,06:00
16:00,05:00,13:00,21:00,00:00,13:00,15:00,18:00,23:00,00:00,04:00,08:00
18:00,07:00,15:00,23:00,02:00,15:00,17:00,20:00,01:00,02:00,06:00,10:00
12:00,01:00,09:00,17:00,20:00,09:00,11:00,14:00,19:00,20:00,00:00,04:00
17:25,06:25,14:25,22:25,01:25,14:25,16:25,19:25,00:25,01:25,05:25,09:25
12:55,01:55,09:55,17:55,20:55,09:55,11:55,14:55,19:55,20:55,00:55,04:55
11:50,00:50,08:50,16:50,19:50,08:50,10:50,13:50,18:50,19:50,23:50,03:50
12:50,01:50,09:50,17:50,20:50,09:50,11:50,14:50,19:50,20:50,00:50,04:50
11:50,00:50,08:50,16:50,19:50,08:50,10:50,13:50,18:50,19:50,23:50,03:50
12:50,01:50,09:50,17:50,20:50,09:50,11:50,14:50,19:50,20:50,00:50,04:50
14:25,03:25,11:25,19:25,22:25,11:25,13:25,16:25,21:25,22:25,02:25,06:25
18:00,07:00,15:00,23:00,02:00,15:00,17:00,20:00,01:00,02:00,06:00,10:00
18:00,07:00,15:00,23:00,02:00,15:00,17:00,20:00,01:00,02:00,06:00,10:00
20:00,09:00,17:00,01:00,04:00,17:00,19:00,22:00,03:00,04:00,08:00,12:00
20:00,09:00,17:00,01:00,04:00,17:00,19:00,22:00,03:00,04:00,08:00,12:00
20:00,09:00,17:00,01:00,04:00,17:00,19:00,22:00,03:00,04:00,08:00,12:00
15:00,04:00,12:00,20:00,23:00,12:00,14:00,17:00,22:00,23:00,03:00,07:00
18:00,07:00,15:00,23:00,02:00,15:00,17:00,20:00,01:00,02:00,06:00,10:00
14:00,03:00,11:00,19:00,22:00,11:00,13:00,16:00,21:00,22:00,02:00,06:00
23:00,12:00,20:00,04:00,07:00,20:00,22:00,01:00,06:00,07:00,11:00,15:00
14:00,03:00,11:00,19:00,22:00,11:00,13:00,16:00,21:00,22:00,02:00,06:00
14:00,03:00,11:00,19:00,22:00,11:00,13:00,16:00,21:00,22:00,02:00,06:00
12:00,01:00,09:00,17:00,20:00,09:00,11:00,14:00,19:00,20:00,00:00,04:00
16:00,05:00,13:00,21:00,00:00,13:00,15:00,18:00,23:00,00:00,04:00,08:00
18:00,07:00,15:00,23:00,02:00,15:00,17:00,20:00,01:00,02:00,06:00,10:00
10:50,23:50,07:50,15:50,18:50,07:50,09:50,12:50,17:50,18:50,22:50,02:50
14:00,03:00,11:00,19:00,22:00,11:00,13:00,16:00,21:00,22:00,02:00,06:00
18:00,07:00,15:00,23:00,02:00,15:00,17:00,20:00,01:00,02:00,06:00,10:00
16:00,05:00,13:00,21:00,00:00,13:00,15:00,18:00,23:00,00:00,04:00,08:00
12:00,01:00,09:00,17:00,20:00,09:00,11:00,14:00,19:00,20:00,00:00,04:00
17:00,06:00,14:00,22:00,01:00,14:00,16:00,19:00,00:00,01:00,05:00,09:00
17:20,06:20,14:20,22:20,01:20,14:20,16:20,19:20,00:20,01:20,05:20,09:20
12:00,01:00,09:00,17:00,20:00,09:00,11:00,14:00,19:00,20:00,00:00,04:00
14:00,03:00,11:00,19:00,22:00,11:00,13:00,16:00,21:00,22:00,02:00,06:00
17:25,06:25,14:25,22:25,01:25,14:25,16:25,19:25,00:25,01:25,05:25,09:25
18:00,07:00,15:00,23:00,02:00,15:00,17:00,20:00,01:00,02:00,06:00,10:00
18:00,07:00,15:00,23:00,02:00,15:00,17:00,20:00,01:00,02:00,06:00,10:00
14:00,03:00,11:00,19:00,22:00,11:00,13:00,16:00,21:00,22:00,02:00,06:00
15:00,04:00,12:00,20:00,23:00,12:00,14:00,17:00,22:00,23:00,03:00,07:00
16:00,05:00,13:00,21:00,00:00,13:00,15:00,18:00,23:00,00:00,04:00,08:00
14:00,03:00,11:00,19:00,22:00,11:00,13:00,16:00,21:00,22:00,02:00,06:00
18:00,07:00,15:00,23:00,02:00,15:00,17:00,20:00,01:00,02:00,06:00,10:00
14:00,03:00,11:00,19:00,22:00,11:00,13:00,16:00,21:00,22:00,02:00,06:00
22:00,11:00,19:00,03:00,06:00,19:00,21:00,00:00,05:00,06:00,10:00,14:00
16:00,05:00,13:00,21:00,00:00,13:00,15:00,18:00,23:00,00:00,04:00,08:00
16:00,05:00,13:00,21:00,00:00,13:00,15:00,18:00,23:00,00:00,04:00,08:00
16:00,05:00,13:00,21:00,00:00,13:00,15:00,18:00,23:00,00:00,04:00,08:00
16:00,05:00,13:00,21:00,00:00,13:00,15:00,18:00,23:00,00:00,04:00,08:00
14:00,03:00,11:00,19:00,22:00,11:00,13:00,16:00,21:00,22:00,02:00,06:00
16:00,05:00,13:00,21:00,00:00,13:00,15:00,18:00,23:00,00:00,04:00,08:00
18:00,07:00,15:00,23:00,02:00,15:00,17:00,20:00,01:00,02:00,06:00,10:00
18:00,07:00,15:00,23:00,02:00,15:00,17:00,20:00,01:00,02:00,06:00,10:00
14:00,03:00,11:00,19:00,22:00,11:00,13:00,16:00,21:00,22:00,02:00,06:00
14:00,03:00,11:00,19:00,22:00,11:00,13:00,16:00,21:00,22:00,02:00,06:00
16:00,05:00,13:00,21:00,00:00,13:00,15:00,18:00,23:00,00:00,04:00,08:00
16:00,05:00,13:00,21:00,00:00,13:00,15:00,18:00,23:00,00:00,04:00,08:00
16:00,05:00,13:00,21:00,00:00,13:00,15:00,18:00,23:00,00:00,04:00,08:00
12:00,01:00,09:00,17:00,20:00,09:00,11:00,14:00,19:00,20:00,00:00,04:00
16:00,05:00,13:00,21:00,00:00,13:00,15:00,18:00,23:00,00:00,04:00,08:00
20:00,09:00,17:00,01:00,04:00,17:00,19:00,22:00,03:00,04:00,08:00,12:00
12:00,01:00,09:00,17:00,20:00,09:00,11:00,14:00,19:00,20:00,00:00,04:00
18:00,07:00,15:00,23:00,02:00,15:00,17:00,20:00,01:00,02:00,06:00,10:00
18:00,07:00,15:00,23:00,02:00,15:00,17:00,20:00,01:00,02:00,06:00,10:00
18:00,07:00,15:00,23:00,02:00,15:00,17:00,20:00,01:00,02:00,06:00,10:00
12:00,01:00,09:00,17:00,20:00,09:00,11:00,14:00,19:00,20:00,00:00,04:00
18:00,07:00,15:00,23:00,02:00,15:00,17:00,20:00,01:00,02:00,06:00,10:00
14:00,03:00,11:00,19:00,22:00,11:00,13:00,16:00,21:00,22:00,02:00,06:00
14:00,03:00,11:00,19:00,22:00,11:00,13:00,16:00,21:00,22:00,02:00,06:00
12:00,01:00,09:00,17:00,20:00,09:00,11:00,14:00,19:00,20:00,00:00,04:00
12:00,01:00,09:00,17:00,20:00,09:00,11:00,14:00,19:00,20:00,00:00,04:00
09:50,22:50,06:50,14:50,17:50,06:50,08:50,11:50,16:50,17:50,21:50,01:50
21:00,10:00,18:00,02:00,05:00,18:00,20:00,23:00,04:00,05:00,09:00,13:00
14:00,03:00,11:00,19:00,22:00,11:00,13:00,16:00,21:00,22:00,02:00,06:00
10:15,23:15,07:15,15:15,18:15,07:15,09:15,12:15,17:15,18:15,22:15,02:15
12:00,01:00,09:00,17:00,20:00,09:00,11:00,14:00,19:00,20:00,00:00,04:00
15:00,04:00,12:00,20:00,23:00,12:00,14:00,17:00,22:00,23:00,03:00,07:00
12:00,01:00,09:00,17:00,20:00,09:00,11:00,14:00,19:00,20:00,00:00,04:00
15:00,04:00,12:00,20:00,23:00,12:00,14:00,17:00,22:00,23:00,03:00,07:00
20:25,09:25,17:25,01:25,04:25,17:25,19:25,22:25,03:25,04:25,08:25,12:25
11:25,00:25,08:25,16:25,19:25,08:25,10:25,13:25,18:25,19:25,23:25,03:25
10:00,23:00,07:00,15:00,18:00,07:00,09:00,12:00,17:00,18:00,22:00,02:00
18:00,07:00,15:00,23:00,02:00,15:00,17:00,20:00,01:00,02:00,06:00,10:00
18:00,07:00,15:00,23:00,02:00,15:00,17:00,20:00,01:00,02:00,06:00,10:00
18:00,07:00,15:00,23:00,02:00,15:00,17:00,20:00,01:00,02:00,06:00,10:00
11:00,00:00,08:00,16:00,19:00,08:00,10:00,13:00,18:00,19:00,23:00,03:00
18:00,07:00,15:00,23:00,02:00,15:00,17:00,20:00,01:00,02:00,06:00,10:00
10:00,23:00,07:00,15:00,18:00,07:00,09:00,12:00,17:00,18:00,22:00,02:00
14:00,03:00,11:00,19:00,22:00,11:00,13:00,16:00,21:00,22:00,02:00,06:00
13:00,02:00,10:00,18:00,21:00,10:00,12:00,15:00,20:00,21:00,01:00,05:00
11:00,00:00,08:00,16:00,19:00,08:00,10:00,13:00,18:00,19:00,23:00,03:00
12:00,01:00,09:00,17:00,20:00,09:00,11:00,14:00,19:00,20:00,00:00,04:00
10:00,23:00,07:00,15:00,18:00,07:00,09:00,12:00,17:00,18:00,22:00,02:00
14:00,03:00,11:00,19:00,22:00,11:00,13:00,16:00,21:00,22:00,02:00,06:00
14:00,03:00,11:00,19:00,22:00,11:00,13:00,16:00,21:00,22:00,02:00,06:00
20:40,09:40,17:40,01:40,04:40,17:40,19:40,22:40,03:40,04:40,08:40,12:40
12:40,01:40,09:40,17:40,20:40,09:40,11:40,14:40,19:40,20:40,00:40,04:40
17:45,06:45,14:45,22:45,01:45,14:45,16:45,19:45,00:45,01:45,05:45,09:45
16:45,05:45,13:45,21:45,00:45,13:45,15:45,18:45,23:45,00:45,04:45,08:45
13:45,02:45,10:45,18:45,21:45,10:45,12:45,15:45,20:45,21:45,01:45,05:45
12:15,01:15,09:15,17:15,20:15,09:15,11:15,14:15,19:15,20:15,00:15,04:15
12:15,01:15,09:15,17:15,20:15,09:15,11:15,14:15,19:15,20:15,00:15,04:15
20:00,09:00,17:00,01:00,04:00,17:00,19:00,22:00,03:00,04:00,08:00,12:00
18:00,07:00,15:00,23:00,02:00,15:00,17:00,20:00,01:00,02:00,06:00,10:00
09:50,22:50,06:50,14:50,17:50,06:50,08:50,11:50,16:50,17:50,21:50,01:50
12:25,01:25,09:25,17:25,20:25,09:25,11:25,14:25,19:25,20:25,00:25,04:25
09:55,22:55,06:55,14:55,17:55,06:55,08:55,11:55,16:55,17:55,21:55,01:55
11:00,00:00,08:00,16:00,19:00,08:00,10:00,13:00,18:00,19:00,23:00,03:00
12:15,01:15,09:15,17:15,20:15,09:15,11:15,14:15,19:15,20:15,00:15,04:15
10:45,23:45,07:45,15:45,18:45,07:45,09:45,12:45,17:45,18:45,22:45,02:45
18:45,07:45,15:45,23:45,02:45,15:45,17:45,20:45,01:45,02:45,06:45,10:45
20:00,09:00,17:00,01:00,04:00,17:00,19:00,22:00,03:00,04:00,08:00,12:00
12:15,01:15,09:15,17:15,20:15,09:15,11:15,14:15,19:15,20:15,00:15,04:15
15:15,04:15,12:15,20:15,23:15,12:15,14:15,17:15,22:15,23:15,03:15,07:15
12:15,01:15,09:15,17:15,20:15,09:15,11:15,14:15,19:15,20:15,00:15,04:15
12:15,01:15,09:15,17:15,20:15,09:15,11:15,14:15,19:15,20:15,00:15,04:15
13:45,02:45,10:45,18:45,21:45,10:45,12:45,15:45,20:45,21:45,01:45,05:45
